Language,basicness_score_experimental,basicness_rank,basicness_score,word_in_children_res,word_in_second_lang_learn_res,en_lemmas,n_hyponyms,n_synonyms,n_syn_senses,avg_word_length,avg_pronounce_complexity,avg_word_frequency,avg_n_senses,normalized_length,normalized_pronounce_complexity,normalized_n_senses,normalized_frequency,normalized_n_hyponyms,normalized_n_synonyms,example_en_lemma,example_en_gloss,ili
en,0.7526951113409867,4,0.17818875369764448,0,0,"rose, rosebush",11,2,4,6.0,0.48650000000000004,3.307945e-05,2.0,0.299999999997,0.48650000000000004,0.14285714285510204,0.06588722711719067,0.0549999999999725,0.09090909090826446,rose,any of many shrubs of the genus Rosa that bear roses,i103203
nb,0.7282379089082259,3,0.9999999999323683,1,1,"rose, rosebush",0,1,1,4.0,0.466,2.19e-05,1.0,0.1249999999984375,0.466,0.0,0.031566924770927526,0.0,0.0,rose,any of many shrubs of the genus Rosa that bear roses,i103203
es,0.6623129306447371,3,0.20204388749608823,0,0,"rose, rosebush",0,1,5,4.0,0.186,5.13e-05,5.0,0.16666666666527777,0.186,0.3076923076899408,0.06339420512894473,0.0,0.0,rose,any of many shrubs of the genus Rosa that bear roses,i103203
it,0.6561202363917604,3,0.0,0,0,"rose, rosebush",5,2,10,5.0,0.1925,3.30699e-05,5.0,0.21428571428418366,0.1925,0.2258064516114464,0.03358180128203717,0.06849315068483768,0.09090909090826446,rose,any of many shrubs of the genus Rosa that bear roses,i103203
nb,0.9721617351629082,4,0.9999999999382222,0,0,wood,0,1,2,3.0,0.442,0.000692,2.0,0.0,0.442,0.11111111110987654,0.9999998554793418,0.0,0.0,wood,the hard fibrous lignified substance under the bark of trees,i116549
en,0.7356316873915328,3,0.0,0,1,wood,91,1,8,4.0,0.199,6.03e-05,8.0,0.099999999999,0.199,0.9999999999857143,0.12629543811823127,0.45499999999977253,0.0,wood,the hard fibrous lignified substance under the bark of trees,i116549
es,0.7008872569895107,3,0.47709646160271774,0,0,wood,12,1,3,6.0,0.189,4.9e-05,3.0,0.33333333333055554,0.189,0.1538461538449704,0.0604586973416169,0.32432432432344777,0.0,wood,the hard fibrous lignified substance under the bark of trees,i116549
it,0.674075902173139,3,0.4216415829383834,0,0,wood,44,2,5,6.0,0.1875,2.5725e-05,2.5,0.2857142857122449,0.1875,0.06451612903184183,0.02588247108571258,0.6027397260265716,0.09090909090826446,wood,the hard fibrous lignified substance under the bark of trees,i116549
nb,0.8378451517817174,4,0.9999999998354863,0,1,midnight,0,1,1,7.0,0.884,1.35e-05,1.0,0.49999999999375,0.884,0.0,0.019427189480745944,0.0,0.0,midnight,12 o'clock at night; the middle of the night,i116927
es,0.8245504872378687,4,0.33911621778831597,0,0,midnight,0,1,1,10.0,0.758,7.59e-06,1.0,0.6666666666611111,0.758,0.0,0.007606794092379919,0.0,0.0,midnight,12 o'clock at night; the middle of the night,i116927
it,0.8221278866078773,4,0.0,0,0,midnight,0,1,3,10.0,0.797,1.78e-05,3.0,0.5714285714244898,0.797,0.09677419354776275,0.017575048002229848,0.0,0.0,midnight,12 o'clock at night; the middle of the night,i116927
en,0.7943333349284165,4,0.5371670029636761,0,0,midnight,0,1,1,8.0,0.638,2.04e-05,1.0,0.499999999995,0.638,0.0,0.03774882098736802,0.0,0.0,midnight,12 o'clock at night; the middle of the night,i116927
en,0.9512013257817309,4,0.0,1,1,"break of day, first light, morning",0,12,21,10.0,0.711,0.00017533333333333333,2.0,0.699999999993,0.711,0.14285714285510204,0.3815789600218311,0.0,0.999999999990909,break of day,the first light of day,i116932
nb,0.7872358568176212,4,0.999999999969152,0,0,"break of day, first light, morning",0,1,1,6.0,0.828,1.29e-06,1.0,0.3749999999953125,0.828,0.0,0.0017812171125177142,0.0,0.0,break of day,the first light of day,i116932
it,0.6925336096663536,3,0.30728860453599444,0,0,"break of day, first light, morning",0,7,26,5.333333333333333,0.36233333333333334,1.0616666666666668e-05,5.666666666666667,0.2380952380935374,0.36233333333333334,0.268817204299341,0.010045080917096182,0.0,0.5454545454495868,break of day,the first light of day,i116932
es,0.6741283496654065,3,0.9117118865110797,0,0,"break of day, first light, morning",0,2,4,6.0,0.194,1.91e-05,2.0,0.33333333333055554,0.194,0.0769230769224852,0.022297096106355233,0.0,0.24999999999375,break of day,the first light of day,i116932
nb,0.8509409244974167,4,0.9999999999738152,0,0,"dusk, fall, twilight",0,1,1,9.0,0.892,5.75e-08,1.0,0.749999999990625,0.892,0.0,0.0,0.0,0.0,dusk,the time of day immediately following sunset,i116935
es,0.8289140722820342,4,0.7838014212689397,0,0,"dusk, fall, twilight",1,3,6,9.666666666666666,0.7786666666666667,1.6299999999999999e-06,2.0,0.6388888888835648,0.7786666666666667,0.0769230769224852,0.0,0.02702702702695398,0.4999999999875,dusk,the time of day immediately following sunset,i116935
it,0.808536866556189,4,0.930884796289926,0,0,"dusk, fall, twilight",0,2,4,9.5,0.7925,1.034e-06,2.0,0.5357142857104592,0.7925,0.03225806451592091,0.0,0.0,0.09090909090826446,dusk,the time of day immediately following sunset,i116935
en,0.7568086052882138,4,0.0,0,1,"dusk, fall, twilight",1,9,22,5.333333333333333,0.26899999999999996,4.812e-05,5.333333333333333,0.23333333333099998,0.26899999999999996,0.6190476190387755,0.09926541815196775,0.0049999999999975,0.7272727272661157,dusk,the time of day immediately following sunset,i116935
en,0.9899030734543434,4,0.9999999997743869,0,1,"season, time of year",8,2,4,9.0,0.758,0.000454,2.0,0.599999999994,0.758,0.14285714285510204,0.9999997780786538,0.03999999999998,0.09090909090826446,season,one of the natural periods into which the year is divided by the equinoxes and solstices or atmospheric conditions,i117307
it,0.8710914437662479,4,0.6216482723129402,0,1,"season, time of year",11,1,5,8.0,0.842,0.000129,5.0,0.42857142856836733,0.842,0.2258064516114464,0.13414103499065638,0.1506849315066429,0.0,season,one of the natural periods into which the year is divided by the equinoxes and solstices or atmospheric conditions,i117307
es,0.8549550776259207,4,0.13262189353988849,0,1,"season, time of year",5,1,3,8.0,0.804,6.46e-05,3.0,0.49999999999583333,0.804,0.1538461538449704,0.08036909798610126,0.1351351351347699,0.0,season,one of the natural periods into which the year is divided by the equinoxes and solstices or atmospheric conditions,i117307
nb,0.8085926238237607,4,0.0,0,0,"season, time of year",5,1,1,6.0,0.862,9.55e-07,1.0,0.3749999999953125,0.862,0.0,0.0012970729074926156,0.99999999998,0.0,season,one of the natural periods into which the year is divided by the equinoxes and solstices or atmospheric conditions,i117307
nb,0.8665720837014954,4,0.9999999996624507,1,1,"summer, summertime",0,1,1,6.0,0.754,0.000102,1.0,0.3749999999953125,0.754,0.0,0.1473279720023019,0.0,0.0,summer,the warmest season of the year; in the northern hemisphere it extends from the summer solstice to the autumnal equinox,i117310
en,0.8275681105644916,4,0.0,1,1,"summer, summertime",0,2,3,8.0,0.203,8.589e-05,1.5,0.499999999995,0.203,0.07142857142755102,0.18308511060892776,0.0,0.09090909090826446,summer,the warmest season of the year; in the northern hemisphere it extends from the summer solstice to the autumnal equinox,i117310
it,0.8223434882771856,4,0.7152450952776261,1,1,"summer, summertime",0,1,2,6.0,0.729,6.92e-05,2.0,0.2857142857122449,0.729,0.03225806451592091,0.07145536932601693,0.0,0.0,summer,the warmest season of the year; in the northern hemisphere it extends from the summer solstice to the autumnal equinox,i117310
es,0.7614401585709122,4,0.5897489495382485,1,1,"summer, summertime",0,1,1,6.0,0.2,8.71e-05,1.0,0.33333333333055554,0.2,0.0,0.10908602199256907,0.0,0.0,summer,the warmest season of the year; in the northern hemisphere it extends from the summer solstice to the autumnal equinox,i117310
nb,0.8355646089932658,4,0.9999999999720984,1,1,"celebration, festivity",1,3,13,5.666666666666667,0.6749999999999999,4.47e-05,4.333333333333333,0.3333333333291667,0.6749999999999999,0.3703703703662551,0.06451763484427754,0.199999999996,0.6666666666444444,celebration,any joyous diversion,i37653
en,0.8329769740631087,4,0.012526635853313756,0,0,"celebration, festivity",7,2,4,10.0,0.7364999999999999,9.923499999999999e-06,2.0,0.699999999993,0.7364999999999999,0.14285714285510204,0.014499231153496115,0.0349999999999825,0.09090909090826446,celebration,any joyous diversion,i37653
es,0.8241245392716486,4,0.0,0,0,"celebration, festivity",3,2,5,9.0,0.7585,1.6795e-05,2.5,0.5833333333284723,0.7585,0.11538461538372781,0.019355206780359308,0.08108108108086194,0.24999999999375,celebration,any joyous diversion,i37653
it,0.793752691543872,4,0.010295457839917654,0,0,"celebration, festivity",3,2,7,9.75,0.6557499999999999,5.961749999999999e-06,3.0,0.5535714285674745,0.6557499999999999,0.09677419354776275,0.005165539949480384,0.04109589041090261,0.09090909090826446,celebration,any joyous diversion,i37653
nb,0.9246223555237311,4,0.9999999999201815,1,1,"soccer, association football",0,1,1,7.0,0.84,0.0002,1.0,0.49999999999375,0.84,0.0,0.2889582170544204,0.0,0.0,soccer,a football game in which two teams of 11 players try to kick or head a ball into the opponents' goal,i37904
en,0.8865318255678661,4,0.13536832769702345,0,0,"soccer, association football",0,2,2,13.0,0.679,4.36e-05,1.0,0.99999999999,0.679,0.0,0.08923457330406044,0.0,0.09090909090826446,soccer,a football game in which two teams of 11 players try to kick or head a ball into the opponents' goal,i37904
es,0.8552159470419454,4,0.7138268628131065,1,1,"soccer, association football",0,1,2,6.0,0.701,0.000115,2.0,0.33333333333055554,0.701,0.0769230769224852,0.14469500776058916,0.0,0.0,soccer,a football game in which two teams of 11 players try to kick or head a ball into the opponents' goal,i37904
it,0.8288826783493184,4,0.0,1,1,"soccer, association football",0,3,14,7.0,0.7166666666666667,5.36e-05,4.666666666666667,0.35714285714030614,0.7166666666666667,0.20430107526749916,0.05510258697871969,0.0,0.18181818181652892,soccer,a football game in which two teams of 11 players try to kick or head a ball into the opponents' goal,i37904
en,0.8383396109503664,4,0.0,0,1,"athletics, sport",20,2,10,7.0,0.7915,3.0155e-05,5.0,0.399999999996,0.7915,0.5714285714204081,0.05939724830846002,0.09999999999995,0.09090909090826446,athletics,an active diversion requiring physical exertion and competition,i38140
nb,0.832480382355158,4,0.9999999999515145,0,1,"athletics, sport",1,2,2,5.5,0.8320000000000001,4.7449999999999995e-05,1.0,0.31249999999609374,0.8320000000000001,0.0,0.06849195294522983,0.199999999996,0.3333333333222222,athletics,an active diversion requiring physical exertion and competition,i38140
it,0.8147017987432265,4,0.944044353230045,0,1,"athletics, sport",20,1,2,5.0,0.759,8.91e-05,2.0,0.21428571428418366,0.759,0.03225806451592091,0.09231564937160763,0.2739726027393507,0.0,athletics,an active diversion requiring physical exertion and competition,i38140
es,0.737953082775988,3,0.8144008869373575,0,1,"athletics, sport",8,1,2,7.0,0.208,4.9e-05,2.0,0.41666666666319446,0.208,0.0769230769224852,0.0604586973416169,0.21621621621563183,0.0,athletics,an active diversion requiring physical exertion and competition,i38140
es,0.9806162298605781,4,0.6126090244781982,0,1,"squealer, hog, pig",1,5,10,4.666666666666667,0.38599999999999995,0.00078514,2.6666666666666665,0.22222222222037039,0.38599999999999995,0.128205128204142,0.9999998723692266,0.02702702702695398,0.999999999975,squealer,domestic swine,i48199
nb,0.7368618876145692,3,0.999999999972297,0,1,"squealer, hog, pig",0,1,2,4.0,0.644,1.15e-05,2.0,0.1249999999984375,0.644,0.11111111110987654,0.016536776316416996,0.0,0.0,squealer,domestic swine,i48199
it,0.7303079281150417,3,0.6911194182952402,0,1,"squealer, hog, pig",0,3,10,6.5,0.42975,6.48675e-06,3.0,0.3214285714262755,0.42975,0.09677419354776275,0.005715873970783658,0.0,0.18181818181652892,squealer,domestic swine,i48199
en,0.6871950164615156,3,0.0,0,0,"squealer, hog, pig",1,5,15,4.666666666666667,0.429,5.855233333333334e-06,3.6666666666666665,0.16666666666500002,0.429,0.38095238094693873,0.005470879000123019,0.0049999999999975,0.36363636363305785,squealer,domestic swine,i48199
en,0.7599498142744295,4,0.36487137794112534,1,1,fish,13,1,4,4.0,0.197,7.94e-05,4.0,0.099999999999,0.197,0.4285714285653061,0.16868241524102545,0.0649999999999675,0.0,fish,any of various mostly cold-blooded aquatic vertebrates usually having scales and breathing through gills,i48880
nb,0.7419788357481679,3,0.9999999999085151,1,1,fish,0,1,2,4.0,0.398,5.13e-05,2.0,0.1249999999984375,0.398,0.11111111110987654,0.07405599828656308,0.0,0.0,fish,any of various mostly cold-blooded aquatic vertebrates usually having scales and breathing through gills,i48880
es,0.7197269302247413,3,0.0,1,0,fish,2,2,3,4.5,0.477,7.7734e-06,1.5,0.20833333333159723,0.477,0.0384615384612426,0.007840868930725973,0.05405405405390796,0.24999999999375,fish,any of various mostly cold-blooded aquatic vertebrates usually having scales and breathing through gills,i48880
it,0.682376801464675,3,0.14321151603605306,1,0,fish,3,1,5,5.0,0.199,4.07e-05,5.0,0.21428571428418366,0.199,0.2258064516114464,0.04158009388383927,0.04109589041090261,0.0,fish,any of various mostly cold-blooded aquatic vertebrates usually having scales and breathing through gills,i48880
es,0.7761591174576177,4,0.0,1,1,boat,8,3,12,6.666666666666667,0.40599999999999997,1.5689999999999997e-05,4.0,0.38888888888564815,0.40599999999999997,0.23076923076745562,0.01794488673470833,0.21621621621563183,0.4999999999875,boat,a small vessel for travel on water,i50885
it,0.7366426171083565,3,0.43024307398499034,1,0,boat,19,3,9,6.666666666666667,0.4163333333333334,8.995666666666666e-06,3.0,0.3333333333309524,0.4163333333333334,0.09677419354776275,0.008345859110367407,0.26027397260238316,0.18181818181652892,boat,a small vessel for travel on water,i50885
en,0.7207637598990511,3,0.9140853434351257,1,1,boat,26,1,2,4.0,0.202,5.13e-05,2.0,0.099999999999,0.202,0.14285714285510204,0.10632251696089369,0.129999999999935,0.0,boat,a small vessel for travel on water,i50885
nb,0.6813461893928962,3,0.9999999999547796,1,1,boat,2,1,1,3.0,0.203,5.01e-05,1.0,0.0,0.203,0.0,0.0723217503879657,0.399999999992,0.0,boat,a small vessel for travel on water,i50885
en,0.8473541140272535,4,0.0,0,1,"passenger vehicle, bus, coach",3,10,18,8.333333333333334,0.49666666666666665,5.856666666666666e-05,3.3333333333333335,0.533333333328,0.49666666666666665,0.33333333332857146,0.12244880145089217,0.0149999999999925,0.8181818181743802,passenger vehicle,a vehicle carrying many passengers; used for public transport,i51285
it,0.7638678362657232,4,0.6236296165468862,0,0,"passenger vehicle, bus, coach",3,7,9,7.75,0.57625,1.0059725e-05,1.5,0.41071428571135205,0.57625,0.0,0.009461263875099962,0.04109589041090261,0.5454545454495868,passenger vehicle,a vehicle carrying many passengers; used for public transport,i51285
es,0.7097027784675403,3,0.9400519749592954,0,1,"passenger vehicle, bus, coach",2,1,1,7.0,0.2,2.04e-05,1.0,0.41666666666319446,0.2,0.0,0.023956296160062264,0.05405405405390796,0.0,passenger vehicle,a vehicle carrying many passengers; used for public transport,i51285
nb,0.682742994221833,3,0.9999999999726501,0,1,"passenger vehicle, bus, coach",0,1,1,4.0,0.273,3.89e-05,1.0,0.1249999999984375,0.273,0.0,0.05613543666772359,0.0,0.0,passenger vehicle,a vehicle carrying many passengers; used for public transport,i51285
en,0.8351756168722168,4,0.14414788577350174,0,0,cathedral,2,1,2,9.0,0.865,9.77e-06,2.0,0.599999999994,0.865,0.14285714285510204,0.014158581887090415,0.009999999999995,0.0,cathedral,any large and important church,i51645
nb,0.8256783453409295,4,0.25419840543343397,0,0,cathedral,0,1,1,8.0,0.826,1.05e-06,1.0,0.6249999999921875,0.826,0.0,0.0014343675327982404,0.0,0.0,cathedral,any large and important church,i51645
es,0.8211469502363244,4,0.999999999622253,0,1,cathedral,0,1,2,8.0,0.753,1.82e-05,2.0,0.49999999999583333,0.753,0.0769230769224852,0.02114841914609652,0.0,0.0,cathedral,any large and important church,i51645
it,0.7679576377555343,4,0.0,0,0,cathedral,0,2,3,7.5,0.6445,1.705e-05,1.5,0.39285714285433676,0.6445,0.0,0.016788856543225174,0.0,0.09090909090826446,cathedral,any large and important church,i51645
en,0.9304046007435145,4,0.0,0,1,"church building, church",5,2,5,10.5,0.8734999999999999,0.000114,2.5,0.7499999999925,0.8734999999999999,0.21428571428265306,0.2454672010236788,0.0249999999999875,0.09090909090826446,church building,a place for public (especially Christian) worship,i51914
es,0.8704595852421969,4,0.14533271851894114,0,1,"church building, church",3,1,4,7.0,0.758,0.000132,4.0,0.41666666666319446,0.758,0.23076923076745562,0.16639223923214264,0.08108108108086194,0.0,church building,a place for public (especially Christian) worship,i51914
nb,0.8689307092772951,4,0.9999999999034187,0,1,"church building, church",1,3,3,8.333333333333334,0.8083333333333332,3.0011833333333336e-05,1.0,0.6666666666583334,0.8083333333333332,0.0,0.04329019969768205,0.199999999996,0.6666666666444444,church building,a place for public (especially Christian) worship,i51914
it,0.8535501634126963,4,0.6094573534734355,0,1,"church building, church",4,1,4,6.0,0.658,0.000191,4.0,0.2857142857122449,0.658,0.16129032257960457,0.1991328622683762,0.054794520547870144,0.0,church building,a place for public (especially Christian) worship,i51914
nb,0.803121286733084,4,0.9999999999683664,1,1,"crown, diadem",0,1,1,5.0,0.792,1.48e-05,1.0,0.249999999996875,0.792,0.0,0.02130595803755976,0.0,0.0,crown,an ornamental jeweled headdress signifying sovereignty,i52549
it,0.7295175930018502,3,0.4001958149872439,0,0,"crown, diadem",1,2,14,6.5,0.48750000000000004,1.2896e-05,7.0,0.3214285714262755,0.48750000000000004,0.3548387096751301,0.012434404115617944,0.013698630136967536,0.09090909090826446,crown,an ornamental jeweled headdress signifying sovereignty,i52549
en,0.7239708535247211,3,0.0,0,0,"crown, diadem",1,2,13,5.5,0.42700000000000005,1.82725e-05,6.5,0.2499999999975,0.42700000000000005,0.7857142857030612,0.033027444347119614,0.0049999999999975,0.09090909090826446,crown,an ornamental jeweled headdress signifying sovereignty,i52549
es,0.6853582407640412,3,0.563924050303822,0,0,"crown, diadem",0,1,6,6.0,0.2,2.95e-05,6.0,0.33333333333055554,0.2,0.38461538461242606,0.03557069653601146,0.0,0.0,crown,an ornamental jeweled headdress signifying sovereignty,i52549
nb,0.8269547678544727,4,0.9999999999713691,0,1,farm,1,3,5,8.0,0.6186666666666667,6.159566666666667e-06,1.6666666666666667,0.6249999999921875,0.6186666666666667,0.07407407407325103,0.008818746911473099,0.199999999996,0.6666666666444444,farm,workplace consisting of farm buildings and cultivated land as a unit,i53601
es,0.8241207198117472,4,0.0,0,0,farm,4,4,15,7.666666666666667,0.8093333333333333,1.5083333333333333e-05,4.333333333333333,0.4722222222182871,0.8093333333333333,0.256410256408284,0.01717059337631172,0.10810810810781592,0.74999999998125,farm,workplace consisting of farm buildings and cultivated land as a unit,i53601
it,0.8025445772181415,4,0.3718052461215041,0,0,farm,9,4,12,9.0,0.7306666666666667,6.7666666666666665e-06,3.6666666666666665,0.4999999999964286,0.7306666666666667,0.1397849462356573,0.006009298094205514,0.12328767123270783,0.2727272727247934,farm,workplace consisting of farm buildings and cultivated land as a unit,i53601
en,0.7030971278656223,3,0.8650493287517858,0,1,farm,13,1,1,4.0,0.204,5.62e-05,1.0,0.099999999999,0.204,0.0,0.11719666292433303,0.0649999999999675,0.0,farm,workplace consisting of farm buildings and cultivated land as a unit,i53601
nb,0.7686992310834364,4,0.9999999997941377,0,1,guitar,0,1,1,5.0,0.694,1.32e-05,1.0,0.249999999996875,0.694,0.0,0.0189936275060966,0.0,0.0,guitar,a stringed instrument usually having six strings; played by strumming or plucking,i54496
en,0.7637755117207752,4,0.49605822252521437,0,0,guitar,6,1,1,6.0,0.592,3.02e-05,1.0,0.299999999997,0.592,0.0,0.05949711291424671,0.029999999999985,0.0,guitar,a stringed instrument usually having six strings; played by strumming or plucking,i54496
es,0.7255920027224637,3,0.3602085835471374,0,1,guitar,1,1,2,8.0,0.197,1.86e-05,2.0,0.49999999999583333,0.197,0.0769230769224852,0.02165894223954484,0.02702702702695398,0.0,guitar,a stringed instrument usually having six strings; played by strumming or plucking,i54496
it,0.6881211927530269,3,0.0,0,0,guitar,2,1,2,8.0,0.2,1.91e-05,2.0,0.42857142856836733,0.2,0.03225806451592091,0.01893777986450462,0.027397260273935072,0.0,guitar,a stringed instrument usually having six strings; played by strumming or plucking,i54496
es,0.7951222048604664,4,0.47082691693858764,0,1,"inn, lodge, hostel",1,5,8,7.666666666666667,0.5656666666666667,3.6666666666666666e-06,2.0,0.4722222222182871,0.5656666666666667,0.0769230769224852,0.002599413417474346,0.02702702702695398,0.999999999975,inn,a hotel providing overnight lodging for travelers,i54942
en,0.7094258884087228,3,0.0,0,0,"inn, lodge, hostel",4,5,11,4.666666666666667,0.523,8.796666666666667e-06,3.0,0.16666666666500002,0.523,0.2857142857102041,0.011998547450815389,0.01999999999999,0.36363636363305785,inn,a hotel providing overnight lodging for travelers,i54942
it,0.6617037626061981,3,0.9890799264924043,0,0,"inn, lodge, hostel",1,1,2,7.0,0.202,3.31e-06,2.0,0.35714285714030614,0.202,0.03225806451592091,0.0023858290142595214,0.013698630136967536,0.0,inn,a hotel providing overnight lodging for travelers,i54942
nb,0.6353015518066046,3,0.9999999999497601,0,0,"inn, lodge, hostel",0,1,1,3.0,0.446,2.14e-06,1.0,0.0,0.446,0.0,0.0030096427073575175,0.0,0.0,inn,a hotel providing overnight lodging for travelers,i54942
es,0.7786684773860585,4,0.7298849032130046,0,0,"boiler, kettle",0,1,1,7.0,0.73,4.57e-06,1.0,0.41666666666319446,0.73,0.0,0.0037523447368451287,0.0,0.0,boiler,a metal pot for stewing or boiling; usually has a lid,i55356
it,0.7353816301145286,3,0.3585345284507466,0,0,"boiler, kettle",0,2,6,8.0,0.47050000000000003,2.389e-06,3.0,0.42857142856836733,0.47050000000000003,0.09677419354776275,0.00142038590260178,0.0,0.09090909090826446,boiler,a metal pot for stewing or boiling; usually has a lid,i55356
nb,0.7173279445093256,3,0.9999999999319567,0,1,"boiler, kettle",0,1,1,5.0,0.472,2.19e-06,1.0,0.249999999996875,0.472,0.0,0.003081903036465742,0.0,0.0,boiler,a metal pot for stewing or boiling; usually has a lid,i55356
en,0.7132499092577704,3,0.0,0,0,"boiler, kettle",1,2,6,6.0,0.46699999999999997,4.2999999999999995e-06,3.0,0.299999999997,0.46699999999999997,0.2857142857102041,0.00201948425035302,0.0049999999999975,0.09090909090826446,boiler,a metal pot for stewing or boiling; usually has a lid,i55356
nb,0.784592338228974,4,0.9999999999435947,0,1,"knight, horse",0,2,3,6.0,0.6145,1.4874999999999999e-05,1.5,0.3749999999953125,0.6145,0.05555555555493827,0.021414348531222094,0.0,0.3333333333222222,knight,a chessman shaped to resemble the head of a horse; can move two squares horizontally and one vertically (or vice versa),i55427
en,0.7165116383788174,3,0.15060675923855402,0,1,"knight, horse",0,2,7,5.5,0.2,3.83e-05,3.5,0.2499999999975,0.2,0.3571428571377551,0.07747274195585054,0.0,0.09090909090826446,knight,a chessman shaped to resemble the head of a horse; can move two squares horizontally and one vertically (or vice versa),i55427
es,0.7112086903103233,3,0.0,0,0,"knight, horse",0,1,8,7.0,0.198,3.63e-05,8.0,0.41666666666319446,0.198,0.5384615384573964,0.044249589124632845,0.0,0.0,knight,a chessman shaped to resemble the head of a horse; can move two squares horizontally and one vertically (or vice versa),i55427
it,0.6973161601494948,3,0.3152752840265473,0,0,"knight, horse",0,1,7,7.0,0.198,4.68e-05,7.0,0.35714285714030614,0.198,0.3548387096751301,0.047974451083743964,0.0,0.0,knight,a chessman shaped to resemble the head of a horse; can move two squares horizontally and one vertically (or vice versa),i55427
nb,0.8769364736245581,4,0.8558571267872923,0,0,"monument, memorial",0,1,1,11.0,0.858,1.38e-06,1.0,0.9999999999875,0.858,0.0,0.0019112857049125168,0.0,0.0,monument,a structure erected to commemorate persons or events,i56131
it,0.84060854400884,4,0.6248103038329427,0,0,"monument, memorial",9,2,4,16.0,0.5075000000000001,1.077e-05,2.0,0.9999999999928572,0.5075000000000001,0.03225806451592091,0.010205813393159359,0.12328767123270783,0.09090909090826446,monument,a structure erected to commemorate persons or events,i56131
en,0.7793830057477844,4,0.0,0,0,"monument, memorial",12,2,6,8.0,0.529,1.682e-05,3.0,0.499999999995,0.529,0.2857142857102041,0.02980403679367152,0.05999999999997,0.09090909090826446,monument,a structure erected to commemorate persons or events,i56131
es,0.7477638917814162,3,0.9999999998953023,0,1,"monument, memorial",8,1,3,9.0,0.206,1.74e-05,3.0,0.5833333333284723,0.206,0.1538461538449704,0.020127372959199884,0.21621621621563183,0.0,monument,a structure erected to commemorate persons or events,i56131
es,0.8444636797278309,4,0.735040330451145,0,1,monastery,3,2,3,9.0,0.8280000000000001,1.3000000000000001e-05,1.5,0.5833333333284723,0.8280000000000001,0.0384615384612426,0.014511618931268403,0.08108108108086194,0.24999999999375,monastery,the residence of a religious community,i56337
nb,0.8230436798247434,4,0.9999999998922395,0,0,monastery,1,1,2,7.0,0.885,4.9e-06,2.0,0.49999999999375,0.885,0.11111111110987654,0.006998412874131466,0.199999999996,0.0,monastery,the residence of a religious community,i56337
it,0.8103785900376578,4,0.0,0,0,monastery,2,2,10,8.5,0.813,1.4e-05,5.0,0.46428571428239795,0.813,0.2258064516114464,0.013591677943272826,0.027397260273935072,0.09090909090826446,monastery,the residence of a religious community,i56337
en,0.7974108898397035,4,0.9224660161388007,0,0,monastery,4,1,1,9.0,0.661,4.47e-06,1.0,0.599999999994,0.661,0.0,0.0023967505388805097,0.01999999999999,0.0,monastery,the residence of a religious community,i56337
nb,0.8023151617218326,4,0.9999999998953493,0,0,mosaic,0,1,1,7.0,0.799,4.79e-07,1.0,0.49999999999375,0.799,0.0,0.0006091545743823259,0.0,0.0,mosaic,art consisting of a design made of small pieces of colored stone or glass,i56381
es,0.677876910113272,3,0.6319888131973563,0,0,mosaic,0,1,4,7.0,0.2,2.75e-06,4.0,0.41666666666319446,0.2,0.23076923076745562,0.0014294646616552868,0.0,0.0,mosaic,art consisting of a design made of small pieces of colored stone or glass,i56381
it,0.6645003536468813,3,0.5864078642295905,0,0,mosaic,0,2,6,7.0,0.2025,2.625e-06,3.0,0.35714285714030614,0.2025,0.09677419354776275,0.0016677741483685845,0.0,0.09090909090826446,mosaic,art consisting of a design made of small pieces of colored stone or glass,i56381
en,0.663774005979429,3,0.0,0,0,mosaic,0,1,6,6.0,0.206,3.8e-06,6.0,0.299999999997,0.206,0.7142857142755102,0.0009098775193898226,0.0,0.0,mosaic,art consisting of a design made of small pieces of colored stone or glass,i56381
en,0.898904716153122,4,0.0,1,1,"picture, painting",20,2,14,7.5,0.771,8.74e-05,7.0,0.4499999999955,0.771,0.8571428571306122,0.1864361229364366,0.09999999999995,0.09090909090826446,picture,graphic art consisting of an artistic composition made by applying paints to a surface,i56911
es,0.8203128133155442,4,0.28527696444992023,0,1,"picture, painting",3,2,10,6.5,0.7545,3.43e-05,5.0,0.374999999996875,0.7545,0.3076923076899408,0.041696973657391265,0.08108108108086194,0.24999999999375,picture,graphic art consisting of an artistic composition made by applying paints to a surface,i56911
it,0.7963749656324061,4,0.763001523347189,0,1,"picture, painting",16,2,8,6.5,0.698,3.195e-05,4.0,0.3214285714262755,0.698,0.16129032257960457,0.03240786019545139,0.21917808219148058,0.09090909090826446,picture,graphic art consisting of an artistic composition made by applying paints to a surface,i56911
nb,0.7860894588261601,4,0.9999999999559647,0,1,"picture, painting",0,1,1,6.0,0.704,5.25e-06,1.0,0.3749999999953125,0.704,0.0,0.007504235177889032,0.0,0.0,picture,graphic art consisting of an artistic composition made by applying paints to a surface,i56911
nb,0.8462036753930038,4,0.9999999999023136,0,1,"terrace, patio",0,1,1,8.0,0.861,4.47e-06,1.0,0.6249999999921875,0.861,0.0,0.006376974043800743,0.0,0.0,terrace,usually paved outdoor area adjoining a residence,i57055
it,0.7595359690514507,4,0.0,0,0,"terrace, patio",0,3,7,7.0,0.6557499999999999,5.557e-06,2.25,0.35714285714030614,0.6557499999999999,0.04838709677388137,0.004741258625437529,0.0,0.18181818181652892,terrace,usually paved outdoor area adjoining a residence,i57055
en,0.7234674906900722,3,0.0033425417615992243,0,0,"terrace, patio",1,2,4,6.0,0.526,5.17e-06,2.0,0.299999999997,0.526,0.14285714285510204,0.003950199962228986,0.0049999999999975,0.09090909090826446,terrace,usually paved outdoor area adjoining a residence,i57055
es,0.6575864756686605,3,0.6047525977612987,0,0,"terrace, patio",0,1,2,5.0,0.205,2.51e-05,2.0,0.24999999999791667,0.205,0.0769230769224852,0.029954942508079983,0.0,0.0,terrace,usually paved outdoor area adjoining a residence,i57055
nb,0.8411684633757697,4,0.3214839354129045,0,0,sculpture,2,1,1,8.0,0.895,1.66e-06,1.0,0.6249999999921875,0.895,0.0,0.00231594354791857,0.399999999992,0.0,sculpture,a three-dimensional work of plastic art,i58585
es,0.8371289604119714,4,0.9999999995713182,0,1,sculpture,5,1,2,9.0,0.811,7.24e-06,2.0,0.5833333333284723,0.811,0.0769230769224852,0.007160086385612642,0.1351351351347699,0.0,sculpture,a three-dimensional work of plastic art,i58585
en,0.8187064243848348,4,0.06700305720561558,0,0,sculpture,9,1,2,9.0,0.756,8.32e-06,2.0,0.599999999994,0.756,0.14285714285510204,0.010940722367297139,0.0449999999999775,0.0,sculpture,a three-dimensional work of plastic art,i58585
it,0.8069064069660163,4,0.0,0,0,sculpture,8,1,3,8.0,0.852,1.02e-05,3.0,0.42857142856836733,0.852,0.09677419354776275,0.009608307884315805,0.10958904109574029,0.0,sculpture,a three-dimensional work of plastic art,i58585
es,0.8709634920681025,4,0.21417356841899424,0,0,ski,0,1,1,14.0,0.802,3.59e-06,1.0,0.9999999999916667,0.802,0.0,0.0025015631578967517,0.0,0.0,ski,narrow wood or metal or plastic runners used in pairs for gliding over snow,i58996
nb,0.6588847660864974,3,0.9999999998793611,0,1,ski,0,1,1,3.0,0.185,6.31e-05,1.0,0.0,0.185,0.0,0.09110943595610387,0.0,0.0,ski,narrow wood or metal or plastic runners used in pairs for gliding over snow,i58996
en,0.6357138242396846,3,0.4215989282347685,0,0,ski,1,1,1,3.0,0.389,1.35e-05,1.0,0.0,0.389,0.0,0.022436248100075877,0.0049999999999975,0.0,ski,narrow wood or metal or plastic runners used in pairs for gliding over snow,i58996
it,0.6009335452724595,3,0.0,0,0,ski,1,1,4,3.0,0.185,1.23e-05,4.0,0.07142857142806122,0.185,0.16129032257960457,0.011809643969528896,0.013698630136967536,0.0,ski,narrow wood or metal or plastic runners used in pairs for gliding over snow,i58996
nb,0.8501709039410101,4,0.9783018474077644,0,0,statue,0,2,2,9.0,0.847,1.35115e-06,1.0,0.749999999990625,0.847,0.0,0.001869591495017072,0.0,0.3333333333222222,statue,a sculpture representing a human or animal,i59503
en,0.78781747746584,4,0.999999999948537,0,0,statue,7,1,1,6.0,0.849,1.23e-05,1.0,0.299999999997,0.849,0.0,0.019773191945764202,0.0349999999999825,0.0,statue,a sculpture representing a human or animal,i59503
it,0.7655507308509099,4,0.9205178397137799,0,0,statue,1,1,2,6.0,0.729,2.14e-05,2.0,0.2857142857122449,0.729,0.03225806451592091,0.021348767005452286,0.013698630136967536,0.0,statue,a sculpture representing a human or animal,i59503
es,0.7645924879792756,4,0.0,0,0,statue,0,2,13,6.5,0.5045,3.59e-05,6.5,0.374999999996875,0.5045,0.4230769230736686,0.04373906603118453,0.0,0.24999999999375,statue,a sculpture representing a human or animal,i59503
en,0.7795130181917388,4,0.0,0,1,"sword, steel, brand",8,4,19,5.0,0.505,4.743333333333333e-05,3.3333333333333335,0.199999999998,0.505,0.33333333332857146,0.09774155824144495,0.03999999999998,0.2727272727247934,sword,a cutting or thrusting weapon that has a long metal blade and a hilt with a hand guard,i59896
es,0.7755535125967816,4,0.8717034076204966,0,0,"sword, steel, brand",6,1,2,6.0,0.707,2.14e-05,2.0,0.33333333333055554,0.707,0.0769230769224852,0.02523260389368305,0.16216216216172388,0.0,sword,a cutting or thrusting weapon that has a long metal blade and a hilt with a hand guard,i59896
nb,0.7234175182723246,3,0.9999999999727102,0,1,"sword, steel, brand",0,1,1,5.0,0.461,1.17e-05,1.0,0.249999999996875,0.461,0.0,0.01682581763284989,0.0,0.0,sword,a cutting or thrusting weapon that has a long metal blade and a hilt with a hand guard,i59896
it,0.7128119937783934,3,0.3571802354370073,0,0,"sword, steel, brand",4,5,22,5.25,0.4445,2.1635925e-05,5.5,0.23214285714119898,0.4445,0.2580645161273673,0.02159607663207319,0.054794520547870144,0.36363636363305785,sword,a cutting or thrusting weapon that has a long metal blade and a hilt with a hand guard,i59896
en,0.8196776864240244,4,0.40571760689641334,0,0,umbrella,1,1,3,8.0,0.856,7.76e-06,3.0,0.499999999995,0.856,0.2857142857102041,0.009697962828618357,0.0049999999999975,0.0,umbrella,a lightweight handheld collapsible canopy,i60698
nb,0.8085468303649745,4,0.7921820409569496,0,0,umbrella,0,1,1,7.0,0.832,2.04e-06,1.0,0.49999999999375,0.832,0.0,0.00286512204914107,0.0,0.0,umbrella,a lightweight handheld collapsible canopy,i60698
es,0.7942681106613325,4,0.9999999998532435,0,0,umbrella,0,1,1,8.0,0.734,6.03e-06,1.0,0.49999999999583333,0.734,0.0,0.005615754027931484,0.0,0.0,umbrella,a lightweight handheld collapsible canopy,i60698
it,0.7889512173371352,4,0.0,0,0,umbrella,1,3,7,9.25,0.6765,1.5048000000000002e-06,2.0,0.5178571428534439,0.6765,0.03225806451592091,0.0004935185851992018,0.013698630136967536,0.18181818181652892,umbrella,a lightweight handheld collapsible canopy,i60698
nb,0.8859972726128668,4,0.9999999999443853,1,0,"religious belief, religion, faith",0,1,1,3.0,0.446,0.000324,1.0,0.0,0.446,0.0,0.46816383324281524,0.0,0.0,religious belief,a strong belief in a supernatural power or powers that control human destiny,i68078
en,0.8647404636813169,4,0.23858923965068554,0,1,"religious belief, religion, faith",26,3,7,9.666666666666666,0.6466666666666666,4.719999999999999e-05,2.3333333333333335,0.66666666666,0.6466666666666666,0.19047619047346942,0.09722374176699544,0.129999999999935,0.18181818181652892,religious belief,a strong belief in a supernatural power or powers that control human destiny,i68078
it,0.813772405354903,4,0.3731726548217923,1,1,"religious belief, religion, faith",16,2,16,7.0,0.594,5.235e-05,6.333333333333333,0.35714285714030614,0.594,0.3118279569872355,0.05379226788037856,0.21917808219148058,0.09090909090826446,religious belief,a strong belief in a supernatural power or powers that control human destiny,i68078
es,0.7642941239087946,4,0.0,0,1,"religious belief, religion, faith",7,3,10,5.0,0.47433333333333333,4.476666666666666e-05,3.3333333333333335,0.24999999999791667,0.47433333333333333,0.17948717948579881,0.055055661269288875,0.18918918918867786,0.4999999999875,religious belief,a strong belief in a supernatural power or powers that control human destiny,i68078
it,0.8169960517019197,4,0.5903741994940945,0,1,"theatre, dramatic art, theater",0,2,9,10.0,0.6076666666666667,3.159666666666667e-05,3.3333333333333335,0.5714285714244898,0.6076666666666667,0.11827956989171004,0.032037476663653634,0.0,0.09090909090826446,theatre,the art of writing and producing plays,i73479
en,0.7998276754644286,4,0.0,0,1,"theatre, dramatic art, theater",1,5,10,8.666666666666666,0.4116666666666666,2.606666666666667e-05,2.3333333333333335,0.566666666661,0.4116666666666666,0.19047619047346942,0.050324363938284274,0.0049999999999975,0.36363636363305785,theatre,the art of writing and producing plays,i73479
es,0.7367397530288009,3,0.5555390175083914,0,1,"theatre, dramatic art, theater",1,1,6,6.0,0.202,6.76e-05,6.0,0.33333333333055554,0.202,0.38461538461242606,0.08419802118696364,0.02702702702695398,0.0,theatre,the art of writing and producing plays,i73479
nb,0.7012916642109096,3,0.9999999999478436,0,1,"theatre, dramatic art, theater",0,1,1,6.0,0.205,1.7e-05,1.0,0.3749999999953125,0.205,0.0,0.024485412518321602,0.0,0.0,theatre,the art of writing and producing plays,i73479
en,0.8109083718780999,4,0.0,1,0,"wave, moving ridge",13,2,10,8.0,0.528,2.67e-05,5.0,0.499999999995,0.528,0.5714285714204081,0.05172986579750432,0.0649999999999675,0.09090909090826446,wave,one of a series of ridges that moves across the surface of a liquid (especially across a large body of water),i75330
nb,0.7706267054401249,4,0.9999999999666498,0,1,"wave, moving ridge",0,3,7,5.666666666666667,0.5656666666666667,7.2933333333333335e-06,2.3333333333333335,0.3333333333291667,0.5656666666666667,0.14814814814650207,0.010457273960778442,0.0,0.6666666666444444,wave,one of a series of ridges that moves across the surface of a liquid (especially across a large body of water),i75330
it,0.7313427543307727,3,0.45066870241296614,0,1,"wave, moving ridge",10,2,8,5.0,0.476,2.4006e-05,4.0,0.21428571428418366,0.476,0.16129032257960457,0.024080520261673868,0.13698630136967535,0.09090909090826446,wave,one of a series of ridges that moves across the surface of a liquid (especially across a large body of water),i75330
es,0.6113542880612733,3,0.39406835150917724,0,0,"wave, moving ridge",4,1,4,3.0,0.18,1.62e-05,4.0,0.08333333333263888,0.18,0.23076923076745562,0.018595803678854935,0.10810810810781592,0.0,wave,one of a series of ridges that moves across the surface of a liquid (especially across a large body of water),i75330
en,0.9429069029002056,4,0.2242382837560368,1,1,party,11,1,5,5.0,0.207,0.000309,5.0,0.199999999998,0.207,0.5714285714204081,0.6782138260993262,0.0549999999999725,0.0,party,an occasion on which people can assemble for social interaction and entertainment,i75850
es,0.8449812580440905,4,0.06251923362017696,1,0,party,5,1,4,6.0,0.758,9.77e-05,4.0,0.33333333333055554,0.758,0.23076923076745562,0.12261488396894947,0.1351351351347699,0.0,party,an occasion on which people can assemble for social interaction and entertainment,i75850
nb,0.8327982072116317,4,0.9999999999681919,1,1,party,0,3,13,5.666666666666667,0.6749999999999999,4.47e-05,4.333333333333333,0.3333333333291667,0.6749999999999999,0.3703703703662551,0.06451763484427754,0.0,0.6666666666444444,party,an occasion on which people can assemble for social interaction and entertainment,i75850
it,0.8049952895091418,4,0.0,1,1,party,4,3,12,7.0,0.5706666666666667,4.88e-05,4.0,0.35714285714030614,0.5706666666666667,0.16129032257960457,0.05007096164108976,0.054794520547870144,0.18181818181652892,party,an occasion on which people can assemble for social interaction and entertainment,i75850
en,0.8725167160307121,4,0.9999999998864719,0,1,breakfast,2,1,1,9.0,0.874,4.07e-05,1.0,0.599999999994,0.874,0.0,0.08279885426447388,0.009999999999995,0.0,breakfast,the first meal of the day (usually in the morning),i76564
nb,0.8428482137866415,4,0.8926885807053374,0,1,breakfast,0,1,1,7.0,0.871,2.51e-05,1.0,0.49999999999375,0.871,0.0,0.036191585833853845,0.0,0.0,breakfast,the first meal of the day (usually in the morning),i76564
it,0.8097582384126274,4,0.10047933964385455,0,0,breakfast,0,2,4,12.0,0.5015000000000001,3.93e-05,2.0,0.7142857142806123,0.5015000000000001,0.03225806451592091,0.04011253649369721,0.0,0.09090909090826446,breakfast,the first meal of the day (usually in the morning),i76564
es,0.8013654279083551,4,0.0,1,1,breakfast,0,2,6,8.0,0.487,1.925e-05,3.0,0.49999999999583333,0.487,0.1538461538449704,0.02248854226639835,0.0,0.24999999999375,breakfast,the first meal of the day (usually in the morning),i76564
nb,0.8266057557159441,4,0.9999999999240445,1,1,pastry,1,2,3,5.5,0.8415,1.13295e-05,1.5,0.31249999999609374,0.8415,0.05555555555493827,0.01629036859415795,0.199999999996,0.3333333333222222,pastry,any of various baked foods made of dough or batter,i76902
es,0.800393155019562,4,0.03175359737895948,0,0,pastry,8,2,2,8.0,0.7415,1.795e-06,1.0,0.49999999999583333,0.7415,0.0,0.00021059077604743077,0.21621621621563183,0.24999999999375,pastry,any of various baked foods made of dough or batter,i76902
en,0.7424584253482253,3,0.0,0,0,pastry,17,1,2,6.0,0.636,3.39e-06,2.0,0.299999999997,0.636,0.14285714285510204,0.0,0.0849999999999575,0.0,pastry,any of various baked foods made of dough or batter,i76902
it,0.6604013979244361,3,0.07928325850468296,0,0,pastry,7,1,4,5.0,0.206,3.89e-05,4.0,0.21428571428418366,0.206,0.16129032257960457,0.03969323438222805,0.09589041095877275,0.0,pastry,any of various baked foods made of dough or batter,i76902
it,0.8114212216144853,4,0.7931029490711958,0,0,"ham, jambon, gammon",0,1,2,10.0,0.764,7.59e-06,2.0,0.5714285714244898,0.764,0.03225806451592091,0.006872361606979536,0.0,0.0,ham,meat cut from the thigh of a hog (usually smoked),i77246
nb,0.7615864051924671,4,0.816623112781798,0,0,"ham, jambon, gammon",0,1,1,6.0,0.669,4.07e-06,1.0,0.3749999999953125,0.669,0.0,0.005798891410934953,0.0,0.0,ham,meat cut from the thigh of a hog (usually smoked),i77246
en,0.7034471789963342,3,0.0,0,1,"ham, jambon, gammon",2,3,7,5.0,0.418,4.522233333333333e-06,2.3333333333333335,0.199999999998,0.418,0.19047619047346942,0.00251266745537513,0.009999999999995,0.18181818181652892,ham,meat cut from the thigh of a hog (usually smoked),i77246
es,0.6370262299392346,3,0.9999999998993347,0,0,"ham, jambon, gammon",0,1,1,5.0,0.191,7.24e-06,1.0,0.24999999999791667,0.191,0.0,0.007160086385612642,0.0,0.0,ham,meat cut from the thigh of a hog (usually smoked),i77246
it,0.7999158966320572,4,0.9999999999102434,1,0,"edible bean, bean",0,1,4,7.0,0.811,1.51e-06,4.0,0.35714285714030614,0.811,0.16129032257960457,0.0004989695126483006,0.0,0.0,edible bean,any of various edible seeds of plants of the family Leguminosae used for food,i77610
en,0.7568635783756572,4,0.2867714069639677,0,0,"edible bean, bean",3,2,5,7.5,0.5345,6.25e-06,2.5,0.4499999999955,0.5345,0.21428571428265306,0.006346950501109496,0.0149999999999925,0.09090909090826446,edible bean,any of various edible seeds of plants of the family Leguminosae used for food,i77610
nb,0.7317077632950392,3,0.9085363312977716,0,0,"edible bean, bean",0,1,1,5.0,0.651,5.89e-07,1.0,0.249999999996875,0.651,0.0,0.0007681272984204181,0.0,0.0,edible bean,any of various edible seeds of plants of the family Leguminosae used for food,i77610
es,0.6781529641750291,3,0.0,0,1,"edible bean, bean",1,2,9,5.5,0.1905,3.851e-06,4.5,0.29166666666423613,0.1905,0.2692307692286982,0.002834679476371779,0.02702702702695398,0.24999999999375,edible bean,any of various edible seeds of plants of the family Leguminosae used for food,i77610
en,0.8068047777077882,4,0.710746540292669,0,1,cheese,26,1,2,6.0,0.677,3.72e-05,2.0,0.299999999997,0.677,0.14285714285510204,0.0750316071477315,0.129999999999935,0.0,cheese,a solid food prepared from the pressed curd of milk,i78427
it,0.7645258078985867,4,0.0,0,0,cheese,10,2,4,7.0,0.667,9.7775e-06,2.0,0.35714285714030614,0.667,0.03225806451592091,0.009165420029076506,0.13698630136967535,0.09090909090826446,cheese,a solid food prepared from the pressed curd of milk,i78427
nb,0.7611159377835146,4,0.9999999998853509,0,1,cheese,0,2,2,5.5,0.569,1.02e-05,1.0,0.31249999999609374,0.569,0.0,0.01465800775960318,0.0,0.3333333333222222,cheese,a solid food prepared from the pressed curd of milk,i78427
es,0.681689141136373,3,0.7303885153409987,0,1,cheese,4,1,1,5.0,0.199,2.82e-05,1.0,0.24999999999791667,0.199,0.0,0.03391149648230444,0.10810810810781592,0.0,cheese,a solid food prepared from the pressed curd of milk,i78427
es,0.7928143267703393,4,0.19256908954717497,0,0,beer,4,1,1,7.0,0.694,3.31e-05,1.0,0.41666666666319446,0.694,0.0,0.040165404377046306,0.10810810810781592,0.0,beer,a general name for alcoholic beverages made by fermenting a cereal (or mixture of cereals) flavored with hops,i78683
nb,0.7299700998815957,3,0.9999999999069872,0,1,beer,0,4,4,3.6666666666666665,0.5063333333333333,2.4230333333333334e-05,1.0,0.08333333333229165,0.5063333333333333,0.0,0.03493473784289814,0.0,0.9999999999666667,beer,a general name for alcoholic beverages made by fermenting a cereal (or mixture of cereals) flavored with hops,i78683
en,0.6783017781205425,3,0.3301843303594268,0,0,beer,4,1,1,4.0,0.233,5.01e-05,1.0,0.099999999999,0.233,0.0,0.103659460806582,0.01999999999999,0.0,beer,a general name for alcoholic beverages made by fermenting a cereal (or mixture of cereals) flavored with hops,i78683
it,0.6530801686102546,3,0.0,0,0,beer,2,1,3,5.0,0.195,3.63e-05,3.0,0.21428571428418366,0.195,0.09677419354776275,0.03696777065767851,0.027397260273935072,0.0,beer,a general name for alcoholic beverages made by fermenting a cereal (or mixture of cereals) flavored with hops,i78683
nb,0.7465473678437189,3,0.9999999998543789,0,1,"wine, vino",0,2,3,5.0,0.511,1.86e-05,1.5,0.249999999996875,0.511,0.05555555555493827,0.026797743049784765,0.0,0.3333333333222222,wine,fermented juice (of grapes especially),i78715
es,0.7161700274666631,3,0.6052532813125483,0,1,"wine, vino",7,1,1,4.0,0.197,9.12e-05,1.0,0.16666666666527777,0.197,0.0,0.1143188837004143,0.18918918918867786,0.0,wine,fermented juice (of grapes especially),i78715
it,0.6811953968765796,3,0.6238665326653221,0,1,"wine, vino",17,1,2,4.0,0.19,6.46e-05,2.0,0.14285714285612244,0.19,0.03225806451592091,0.06663339504412158,0.23287671232844812,0.0,wine,fermented juice (of grapes especially),i78715
en,0.663115747856163,3,0.0,0,1,"wine, vino",24,2,3,4.0,0.1865,2.77945e-05,1.5,0.099999999999,0.1865,0.07142857142755102,0.05415879493158276,0.11999999999994,0.09090909090826446,wine,fermented juice (of grapes especially),i78715
nb,0.7857188353947073,4,0.9999999999254848,0,1,"java, coffee",0,2,2,5.0,0.6965,2.76145e-05,1.0,0.249999999996875,0.6965,0.0,0.039825557784706415,0.0,0.3333333333222222,java,a beverage consisting of an infusion of ground coffee beans,i78981
en,0.7833048752573675,4,0.0,0,1,"java, coffee",13,2,7,5.0,0.582,4.12e-05,3.5,0.199999999998,0.582,0.3571428571377551,0.08390846099543707,0.0649999999999675,0.09090909090826446,java,a beverage consisting of an infusion of ground coffee beans,i78981
it,0.7471585095230896,3,0.20699083520545797,0,0,"java, coffee",8,1,8,5.0,0.507,6.76e-05,8.0,0.21428571428418366,0.507,0.4193548387069719,0.06977816088014029,0.10958904109574029,0.0,java,a beverage consisting of an infusion of ground coffee beans,i78981
es,0.677421813662525,3,0.2527458801011701,0,0,"java, coffee",2,1,5,4.0,0.198,6.46e-05,5.0,0.16666666666527777,0.198,0.3076923076899408,0.08036909798610126,0.05405405405390796,0.0,java,a beverage consisting of an infusion of ground coffee beans,i78981
nb,0.7169893464920458,3,0.9999999999034775,0,1,tea,0,2,2,4.0,0.481,2.087185e-05,1.0,0.1249999999984375,0.481,0.0,0.03008103562347512,0.0,0.3333333333222222,tea,a beverage made by steeping tea leaves in water,i79004
en,0.6873133530206195,3,0.16811735206045234,0,1,tea,5,1,5,3.0,0.193,5.37e-05,5.0,0.0,0.193,0.5714285714204081,0.11164862926951705,0.0249999999999875,0.0,tea,a beverage made by steeping tea leaves in water,i79004
it,0.6204593121869674,3,0.0,1,0,tea,2,2,9,2.5,0.197,9.810000000000001e-06,4.5,0.03571428571403061,0.197,0.1935483870955255,0.009199488325633375,0.027397260273935072,0.09090909090826446,tea,a beverage made by steeping tea leaves in water,i79004
es,0.5963314420976137,3,0.06404687911021585,0,0,tea,1,1,4,2.0,0.196,1.95e-05,4.0,0.0,0.196,0.23076923076745562,0.022807619199803546,0.02702702702695398,0.0,tea,a beverage made by steeping tea leaves in water,i79004
en,0.9272007311727675,4,0.39249078033106927,1,1,"sept, family line, family",5,7,18,7.0,0.2996666666666667,0.00022113333333333333,3.6666666666666665,0.399999999996,0.2996666666666667,0.38095238094693873,0.48321893657806014,0.0249999999999875,0.5454545454495868,sept,people descended from a common ancestor,i79200
it,0.8950499306755779,4,0.0,1,1,"sept, family line, family",4,12,66,6.0,0.5353333333333333,0.00027583333333333333,9.666666666666666,0.2857142857122449,0.5353333333333333,0.5268817204267082,0.28805985174246057,0.054794520547870144,0.999999999990909,sept,people descended from a common ancestor,i79200
nb,0.8630725237968054,4,0.9999999999846997,1,1,"sept, family line, family",1,3,5,6.333333333333333,0.8099999999999999,5.087066666666667e-05,1.6666666666666667,0.4166666666614583,0.8099999999999999,0.07407407407325103,0.07343552292728713,0.199999999996,0.6666666666444444,sept,people descended from a common ancestor,i79200
es,0.8134667367604208,4,0.68871212319353,1,0,"sept, family line, family",3,2,8,6.5,0.19,0.000171785,4.0,0.374999999996875,0.19,0.23076923076745562,0.21717014241424584,0.08108108108086194,0.24999999999375,sept,people descended from a common ancestor,i79200
es,0.9315453697079198,4,0.0,1,0,"settlement, small town, village",1,1,13,6.0,0.748,0.000324,13.0,0.33333333333055554,0.748,0.9230769230698225,0.41144332408733464,0.02702702702695398,0.0,settlement,a community of people smaller than a town,i80343
en,0.8983394927104139,4,0.035969288597764944,1,1,"settlement, small town, village",1,3,11,9.0,0.7786666666666666,7e-05,3.6666666666666665,0.599999999994,0.7786666666666666,0.38095238094693873,0.14782180869891728,0.0049999999999975,0.18181818181652892,settlement,a community of people smaller than a town,i80343
it,0.8607286311032554,4,0.36871086474951875,1,1,"settlement, small town, village",0,4,17,7.666666666666667,0.6186666666666666,0.0001442,4.666666666666667,0.40476190475901364,0.6186666666666666,0.20430107526749916,0.1500745152264845,0.0,0.2727272727247934,settlement,a community of people smaller than a town,i80343
nb,0.8399023207109695,4,0.9999999999514798,1,1,"settlement, small town, village",0,1,1,7.0,0.831,6.17e-06,1.0,0.49999999999375,0.831,0.0,0.00883382523348035,0.0,0.0,settlement,a community of people smaller than a town,i80343
nb,0.8927979234571528,4,0.999999999972998,0,1,"culture, civilisation, civilization",0,1,3,6.0,0.881,0.000148,3.0,0.3749999999953125,0.881,0.22222222221975307,0.2138074747818677,0.0,0.0,culture,a particular society at a particular time and place,i80699
es,0.8763630414643827,4,0.5684015049295196,0,1,"culture, civilisation, civilization",2,2,7,9.5,0.7304999999999999,9.39e-05,3.5,0.6249999999947917,0.7304999999999999,0.19230769230621303,0.11776491458119047,0.05405405405390796,0.24999999999375,culture,a particular society at a particular time and place,i80699
it,0.8473223959943208,4,0.5291858172307379,0,1,"culture, civilisation, civilization",0,2,16,7.0,0.792,0.00010075,8.0,0.35714285714030614,0.792,0.4193548387069719,0.10452782336814692,0.0,0.09090909090826446,culture,a particular society at a particular time and place,i80699
en,0.8212060536325061,4,0.0,0,0,"culture, civilisation, civilization",7,3,15,10.333333333333334,0.36966666666666664,3.9846666666666666e-05,5.0,0.733333333326,0.36966666666666664,0.5714285714204081,0.08090512544363002,0.0349999999999825,0.18181818181652892,culture,a particular society at a particular time and place,i80699
es,0.8530237109833367,4,0.7278917292200954,0,1,"harbor, haven, harbour",2,1,2,6.0,0.778,0.000115,2.0,0.33333333333055554,0.778,0.0769230769224852,0.14469500776058916,0.05405405405390796,0.0,harbor,a sheltered port where ships can take on or discharge cargo,i82357
it,0.8017544468045836,4,0.890063929314038,1,1,"harbor, haven, harbour",2,1,6,5.0,0.518,0.000107,6.0,0.21428571428418366,0.518,0.29032258064328825,0.11107941885985256,0.027397260273935072,0.0,harbor,a sheltered port where ships can take on or discharge cargo,i82357
en,0.7465443472240356,3,0.0,1,0,"harbor, haven, harbour",5,4,7,6.0,0.47633333333333333,1.2383333333333334e-05,2.0,0.299999999997,0.47633333333333333,0.14285714285510204,0.019958126400924734,0.0249999999999875,0.2727272727247934,harbor,a sheltered port where ships can take on or discharge cargo,i82357
nb,0.6466462409076507,3,0.9999999999382077,0,1,"harbor, haven, harbour",0,1,2,4.0,0.203,1.51e-05,2.0,0.1249999999984375,0.203,0.11111111110987654,0.0217395200122091,0.0,0.0,harbor,a sheltered port where ships can take on or discharge cargo,i82357
nb,0.905386124059205,4,0.9999999999732752,1,1,countryside,0,3,9,8.666666666666666,0.6476666666666667,0.00011853386666666668,3.0,0.7083333333244791,0.6476666666666667,0.22222222221975307,0.17122282493759838,0.0,0.6666666666444444,countryside,rural regions,i82392
it,0.8593856554588931,4,0.35143901605333433,0,1,countryside,0,1,9,8.0,0.8,0.000107,9.0,0.42857142856836733,0.8,0.4838709677388137,0.11107941885985256,0.0,0.0,countryside,rural regions,i82392
en,0.8575174713177734,4,0.41048390511735383,0,0,countryside,0,1,1,11.0,0.862,8.32e-06,1.0,0.799999999992,0.862,0.0,0.010940722367297139,0.0,0.0,countryside,rural regions,i82392
es,0.7903317473755099,4,0.0,1,0,countryside,0,1,14,5.0,0.205,0.000151,14.0,0.24999999999791667,0.205,0.9999999999923077,0.19064208617093767,0.0,0.0,countryside,rural regions,i82392
es,0.7190484835639397,3,0.9318322754762353,0,0,cave,0,1,1,5.0,0.542,1.41e-05,1.0,0.24999999999791667,0.542,0.0,0.015915557438251272,0.0,0.0,cave,a geological formation consisting of an underground enclosure with access from the surface of the ground or from the sea,i85180
it,0.7095259282521554,3,0.0,0,0,cave,2,2,8,5.5,0.5035000000000001,4.73e-06,4.0,0.2499999999982143,0.5035000000000001,0.16129032257960457,0.00387435150997504,0.027397260273935072,0.09090909090826446,cave,a geological formation consisting of an underground enclosure with access from the surface of the ground or from the sea,i85180
nb,0.691220241856547,3,0.6951948668778025,0,0,cave,0,1,1,4.0,0.563,4.17e-06,1.0,0.1249999999984375,0.563,0.0,0.0059434120691514,0.0,0.0,cave,a geological formation consisting of an underground enclosure with access from the surface of the ground or from the sea,i85180
en,0.6182486676560579,3,0.999999999877745,0,0,cave,5,1,1,4.0,0.197,1.58e-05,1.0,0.099999999999,0.197,0.0,0.027540439062506594,0.0249999999999875,0.0,cave,a geological formation consisting of an underground enclosure with access from the surface of the ground or from the sea,i85180
en,0.7056933446043754,3,0.0,0,0,lake,51,1,3,4.0,0.193,6.76e-05,3.0,0.099999999999,0.193,0.2857142857102041,0.14249569639029397,0.2549999999998725,0.0,lake,a body of (usually fresh) water surrounded by land,i85647
es,0.6631302833876568,3,0.3468466108905698,0,1,lake,6,1,1,4.0,0.185,3.02e-05,1.0,0.16666666666527777,0.185,0.0,0.03646411194954602,0.16216216216172388,0.0,lake,a body of (usually fresh) water surrounded by land,i85647
it,0.6623639346760003,3,0.33582049050181434,1,0,lake,7,1,2,4.0,0.184,4.37e-05,2.0,0.14285714285612244,0.184,0.03225806451592091,0.04472485971985797,0.09589041095877275,0.0,lake,a body of (usually fresh) water surrounded by land,i85647
nb,0.6279336521306951,3,0.9999999999250627,0,1,lake,1,1,5,3.0,0.195,1.48e-05,5.0,0.0,0.195,0.44444444443950615,0.02130595803755976,0.199999999996,0.0,lake,a body of (usually fresh) water surrounded by land,i85647
en,0.792932559567521,4,0.0,0,1,"mountain, mount",5,2,7,6.5,0.491,4.1599999999999995e-05,3.5,0.3499999999965,0.491,0.3571428571377551,0.08479614638020763,0.0249999999999875,0.09090909090826446,mountain,a land mass that projects well above its surroundings; higher than a hill,i85815
it,0.7698179403077963,4,0.5428422355334654,0,1,"mountain, mount",3,2,7,6.5,0.49350000000000005,5.39e-05,3.5,0.3214285714262755,0.49350000000000005,0.12903225806368365,0.05541706356232156,0.04109589041090261,0.09090909090826446,mountain,a land mass that projects well above its surroundings; higher than a hill,i85815
es,0.7617272872782715,4,0.41538615905018705,0,1,"mountain, mount",3,2,4,6.0,0.4685,3.285e-05,2.0,0.33333333333055554,0.4685,0.0769230769224852,0.03984632744364111,0.08108108108086194,0.24999999999375,mountain,a land mass that projects well above its surroundings; higher than a hill,i85815
nb,0.7522308971447244,4,0.9999999999191688,0,1,"mountain, mount",1,1,1,5.0,0.46,4.17e-05,1.0,0.249999999996875,0.46,0.0,0.06018201509778412,0.199999999996,0.0,mountain,a land mass that projects well above its surroundings; higher than a hill,i85815
en,0.8155972015218115,4,0.999999999828533,1,1,river,200,1,1,5.0,0.197,0.000107,1.0,0.199999999998,0.197,0.0,0.229932706790194,0.9999999999995001,0.0,river,a large natural stream of water (larger than a creek),i86078
it,0.771816691132789,4,0.0,0,1,river,73,1,4,5.0,0.493,6.31e-05,4.0,0.21428571428418366,0.493,0.16129032257960457,0.06506101212611223,0.9999999999986301,0.0,river,a large natural stream of water (larger than a creek),i86078
es,0.7588214214660218,4,0.5567791672273561,1,1,river,37,1,2,3.0,0.179,0.000126,2.0,0.08333333333263888,0.179,0.0769230769224852,0.15873439283041788,0.9999999999972973,0.0,river,a large natural stream of water (larger than a creek),i86078
nb,0.6283490201090457,3,0.20115303544468388,1,1,river,0,1,1,3.0,0.194,7.24e-06,1.0,0.0,0.194,0.0,0.010380196276396336,0.0,0.0,river,a large natural stream of water (larger than a creek),i86078
en,0.7641612777005982,4,0.312652662100922,0,1,sea,40,1,3,3.0,0.184,0.000115,3.0,0.0,0.184,0.2857142857102041,0.2476864144856052,0.1999999999999,0.0,sea,a division of an ocean or a large body of salt water partially enclosed by land,i86143
it,0.7249321902546962,3,0.0635194948990893,0,1,sea,23,2,10,4.5,0.1925,0.0001075,5.0,0.17857142857015307,0.1925,0.2258064516114464,0.11160354649918901,0.3150684931502533,0.09090909090826446,sea,a division of an ocean or a large body of salt water partially enclosed by land,i86143
es,0.7147809592171679,3,0.0,0,1,sea,5,2,5,4.5,0.184,7.379999999999999e-05,2.5,0.20833333333159723,0.184,0.11538461538372781,0.09211112913541253,0.1351351351347699,0.24999999999375,sea,a division of an ocean or a large body of salt water partially enclosed by land,i86143
nb,0.6308562958588942,3,0.999999999949408,0,1,sea,0,2,8,3.0,0.191,1.81e-05,4.0,0.0,0.191,0.3333333333296296,0.026075139758702525,0.0,0.3333333333222222,sea,a division of an ocean or a large body of salt water partially enclosed by land,i86143
nb,0.8219025419631126,4,0.9999999999650068,0,1,"coast, seashore, sea-coast",0,3,3,7.333333333333333,0.715,1.4316e-06,1.0,0.5416666666598958,0.715,0.0,0.001985858364552204,0.0,0.6666666666444444,coast,the shore of a sea or ocean,i86148
en,0.783239208477616,4,0.35528782013785665,0,0,"coast, seashore, sea-coast",9,4,7,7.333333333333333,0.46166666666666667,3.9977333333333334e-05,2.0,0.433333333329,0.46166666666666667,0.14285714285510204,0.08119510266932174,0.0449999999999775,0.2727272727247934,coast,the shore of a sea or ocean,i86148
es,0.761945224942808,4,0.5888795236406802,0,1,"coast, seashore, sea-coast",1,2,6,5.0,0.375,7.875e-05,3.0,0.24999999999791667,0.375,0.1538461538449704,0.09842885241683547,0.02702702702695398,0.24999999999375,coast,the shore of a sea or ocean,i86148
it,0.723374649123375,3,0.0,1,0,"coast, seashore, sea-coast",0,6,28,5.75,0.27775,4.695e-05,5.5,0.2678571428552296,0.27775,0.2580645161273673,0.0481316893755449,0.0,0.45454545454132234,coast,the shore of a sea or ocean,i86148
en,0.7448075559180519,3,0.0,0,1,sun,0,2,8,3.0,0.192,9.33e-05,6.0,0.0,0.192,0.7142857142755102,0.19952948236180237,0.0,0.09090909090826446,sun,the star that is the source of light and heat for the planets in the solar system,i86272
it,0.7354651342375015,3,0.3133829948179322,0,1,sun,0,2,12,4.0,0.188,0.000135,11.0,0.14285714285612244,0.188,0.6129032258024975,0.1404305666626938,0.0,0.09090909090826446,sun,the star that is the source of light and heat for the planets in the solar system,i86272
es,0.7265529948978353,3,0.22951512976565816,0,1,sun,0,1,7,3.0,0.183,0.000123,7.0,0.08333333333263888,0.183,0.46153846153491124,0.1549054696295555,0.0,0.0,sun,the star that is the source of light and heat for the planets in the solar system,i86272
nb,0.6299104033983088,3,0.9999999999327092,0,1,sun,0,1,2,3.0,0.187,3.09e-05,2.0,0.0,0.187,0.11111111110987654,0.0445737840104078,0.0,0.0,sun,the star that is the source of light and heat for the planets in the solar system,i86272
es,0.6946286381927834,3,0.9530140868263226,0,1,"vale, valley",3,1,1,5.0,0.195,4.57e-05,1.0,0.24999999999791667,0.195,0.0,0.05624688182066829,0.08108108108086194,0.0,vale,a long depression in the surface of the land that usually contains a river,i86379
it,0.6930156686316523,3,0.0,0,0,"vale, valley",7,3,5,5.666666666666667,0.371,1.7729999999999998e-05,1.6666666666666667,0.2619047619028912,0.371,0.010752688171973643,0.017501670132722743,0.09589041095877275,0.18181818181652892,vale,a long depression in the surface of the land that usually contains a river,i86379
en,0.661764140632208,3,0.40576613968928105,0,0,"vale, valley",12,2,2,5.0,0.19,2.8335000000000002e-05,1.0,0.199999999998,0.19,0.0,0.055358279807753985,0.05999999999997,0.09090909090826446,vale,a long depression in the surface of the land that usually contains a river,i86379
nb,0.6057258648910018,3,0.9999999998732035,0,1,"vale, valley",0,1,1,3.0,0.191,8.91e-06,1.0,0.0,0.191,0.0,0.012793691268611006,0.0,0.0,vale,a long depression in the surface of the land that usually contains a river,i86379
es,0.7895709483541349,4,0.4366747297939562,0,0,"waterfall, falls",9,1,2,7.0,0.766,3.63e-06,2.0,0.41666666666319446,0.766,0.0769230769224852,0.002552615467241584,0.2432432432425858,0.0,waterfall,a steep descent of the water of a river,i86414
en,0.764921910046839,4,0.3569376412057777,0,0,"waterfall, falls",16,2,3,7.0,0.5245,2.3085e-05,1.5,0.399999999996,0.5245,0.07142857142755102,0.043707409132640394,0.07999999999996,0.09090909090826446,waterfall,a steep descent of the water of a river,i86414
nb,0.7354793278480449,3,0.9999999999566012,0,1,"waterfall, falls",0,2,4,4.0,0.196,0.0001055,2.0,0.1249999999984375,0.196,0.11111111110987654,0.15238619503987758,0.0,0.3333333333222222,waterfall,a steep descent of the water of a river,i86414
it,0.7286055638755256,3,0.0,0,0,"waterfall, falls",1,3,12,8.333333333333334,0.3960000000000001,2.1462000000000003e-06,4.0,0.45238095237772113,0.3960000000000001,0.16129032257960457,0.0011658695209400003,0.013698630136967536,0.18181818181652892,waterfall,a steep descent of the water of a river,i86414
en,0.8414928898707876,4,0.0,0,0,nature,0,1,5,6.0,0.599,9.55e-05,5.0,0.299999999997,0.599,0.5714285714204081,0.20441175197804046,0.0,0.0,nature,a causal agent creating and controlling things in the universe,i86562
es,0.8032545913570037,4,0.07536521257204624,0,1,nature,0,1,5,10.0,0.197,8.32e-05,5.0,0.6666666666611111,0.197,0.3076923076899408,0.10410842183144799,0.0,0.0,nature,a causal agent creating and controlling things in the universe,i86562
it,0.7531820403216017,4,0.14722671636505316,0,1,nature,0,1,9,6.0,0.198,0.000123,9.0,0.2857142857122449,0.198,0.4838709677388137,0.12785150331861897,0.0,0.0,nature,a causal agent creating and controlling things in the universe,i86562
nb,0.7358300061251943,3,0.9999999999678871,1,1,nature,0,1,10,5.0,0.206,3.89e-05,10.0,0.249999999996875,0.206,0.9999999999888889,0.05613543666772359,0.0,0.0,nature,a causal agent creating and controlling things in the universe,i86562
nb,0.8076294973442897,4,0.9999999998766345,0,1,"fisherman, fisher",0,1,1,6.0,0.804,1.29e-05,1.0,0.3749999999953125,0.804,0.0,0.01856006553144726,0.0,0.0,fisherman,someone whose occupation is catching fish,i89974
it,0.8001357762042823,4,0.29809042818324205,0,0,"fisherman, fisher",1,1,2,9.0,0.773,4.07e-06,2.0,0.4999999999964286,0.773,0.03225806451592091,0.003182503026050926,0.013698630136967536,0.0,fisherman,someone whose occupation is catching fish,i89974
es,0.7971632219113487,4,0.4747879296640211,0,0,"fisherman, fisher",0,1,1,8.0,0.761,3.63e-06,1.0,0.49999999999583333,0.761,0.0,0.002552615467241584,0.0,0.0,fisherman,someone whose occupation is catching fish,i89974
en,0.7518312673309491,4,0.0,0,0,"fisherman, fisher",2,2,3,7.5,0.5185,6.795e-06,1.5,0.4499999999955,0.5185,0.07142857142755102,0.007556421837859382,0.009999999999995,0.09090909090826446,fisherman,someone whose occupation is catching fish,i89974
it,0.8051816997446116,4,0.21053569523482557,1,0,"guest, invitee",0,2,8,7.0,0.763,2.4449999999999998e-05,4.0,0.35714285714030614,0.763,0.16129032257960457,0.024545945605404632,0.0,0.09090909090826446,guest,a visitor to whom hospitality is extended,i90350
es,0.8000887713502208,4,0.0,0,0,"guest, invitee",1,2,5,7.5,0.7435,1.3585e-05,2.5,0.45833333332951387,0.7435,0.11538461538372781,0.015258258955436565,0.02702702702695398,0.24999999999375,guest,a visitor to whom hospitality is extended,i90350
nb,0.730423066515593,3,0.9999999999377102,1,1,"guest, invitee",0,1,2,5.0,0.357,1.82e-05,2.0,0.249999999996875,0.357,0.11111111110987654,0.02621966041691897,0.0,0.0,guest,a visitor to whom hospitality is extended,i90350
en,0.7145068736846308,3,0.11859525847690065,1,0,"guest, invitee",3,2,5,6.0,0.281,1.90645e-05,2.5,0.299999999997,0.281,0.21428571428265306,0.03478506140896531,0.0149999999999925,0.09090909090826446,guest,a visitor to whom hospitality is extended,i90350
en,0.8139471740102812,4,0.0,1,0,"rex, male monarch, king",79,3,12,6.333333333333333,0.5086666666666667,5.345666666666666e-05,4.0,0.33333333333,0.5086666666666667,0.4285714285653061,0.11110862066044827,0.3949999999998025,0.18181818181652892,rex,a male sovereign; ruler of a kingdom,i90847
es,0.7585570759289835,4,0.5701217829199988,1,1,"rex, male monarch, king",9,2,6,5.0,0.188,9.097e-05,3.0,0.24999999999791667,0.188,0.1538461538449704,0.11402533292168154,0.2432432432425858,0.24999999999375,rex,a male sovereign; ruler of a kingdom,i90847
it,0.7500656107169248,4,0.7299613231687441,1,1,"rex, male monarch, king",4,1,9,2.0,0.176,0.000182,9.0,0.0,0.176,0.4838709677388137,0.1896985647603201,0.054794520547870144,0.0,rex,a male sovereign; ruler of a kingdom,i90847
nb,0.7494046316942332,3,0.9999999999665375,1,1,"rex, male monarch, king",0,1,3,5.0,0.334,4.37e-05,3.0,0.249999999996875,0.334,0.22222222221975307,0.06307242826211307,0.0,0.0,rex,a male sovereign; ruler of a kingdom,i90847
es,0.8287973391893112,4,0.2046135446324782,0,0,prince,1,1,1,8.0,0.821,4.17e-05,1.0,0.49999999999583333,0.821,0.0,0.051141650886185115,0.02702702702695398,0.0,prince,a male member of a royal family other than the sovereign (especially the son of a sovereign),i92240
it,0.8285449391091165,4,0.0,0,0,prince,11,1,2,8.0,0.855,5.62e-05,2.0,0.42857142856836733,0.855,0.03225806451592091,0.057828050703269226,0.1506849315066429,0.0,prince,a male member of a royal family other than the sovereign (especially the son of a sovereign),i92240
en,0.8098378201481504,4,0.578171912926957,0,0,prince,14,1,1,6.0,0.715,5.25e-05,1.0,0.299999999997,0.715,0.0,0.10898557311520538,0.069999999999965,0.0,prince,a male member of a royal family other than the sovereign (especially the son of a sovereign),i92240
nb,0.7865499687376222,4,0.9999999997616473,0,1,prince,0,1,1,5.0,0.786,1.58e-05,1.0,0.249999999996875,0.786,0.0,0.022751164619724235,0.0,0.0,prince,a male member of a royal family other than the sovereign (especially the son of a sovereign),i92240
nb,0.804430268125168,4,0.5980964014187451,0,0,saint,0,1,1,6.0,0.75,4.37e-05,1.0,0.3749999999953125,0.75,0.0,0.06307242826211307,0.0,0.0,saint,a person who has died and has been declared a saint by canonization,i92688
it,0.7357167660838133,3,0.342644734421257,0,0,saint,4,3,6,3.3333333333333335,0.19633333333333333,0.00019353333333333334,2.0,0.09523809523741497,0.19633333333333333,0.03225806451592091,0.2017884423076809,0.054794520547870144,0.18181818181652892,saint,a person who has died and has been declared a saint by canonization,i92688
es,0.7066153299183942,3,0.9999999996273086,0,0,saint,13,1,3,5.0,0.201,7.41e-05,3.0,0.24999999999791667,0.201,0.1538461538449704,0.09249402145549877,0.35135135135040174,0.0,saint,a person who has died and has been declared a saint by canonization,i92688
en,0.6694289419324498,3,0.0,0,0,saint,45,1,3,5.0,0.206,2.57e-05,3.0,0.199999999998,0.206,0.2857142857102041,0.04951065233557793,0.2249999999998875,0.0,saint,a person who has died and has been declared a saint by canonization,i92688
es,0.75661708976933,4,0.9056790777181152,0,0,fog,0,1,1,6.0,0.676,8.13e-06,1.0,0.33333333333055554,0.676,0.0,0.008296000268535147,0.0,0.0,fog,droplets of water vapor suspended in the air near the ground,i97801
it,0.7286633744719653,3,0.0,0,0,fog,2,2,8,7.0,0.48750000000000004,5.8830499999999995e-06,4.0,0.35714285714030614,0.48750000000000004,0.16129032257960457,0.005083042259048828,0.027397260273935072,0.09090909090826446,fog,droplets of water vapor suspended in the air near the ground,i97801
nb,0.7074788167080458,3,0.9999999998727729,0,0,fog,1,1,2,4.0,0.598,6.76e-06,2.0,0.1249999999984375,0.598,0.11111111110987654,0.009686497116957389,0.199999999996,0.0,fog,droplets of water vapor suspended in the air near the ground,i97801
en,0.5890074374141663,3,0.39948225469429627,0,0,fog,4,1,3,3.0,0.199,7.94e-06,3.0,0.0,0.199,0.2857142857102041,0.01009742125176511,0.01999999999999,0.0,fog,droplets of water vapor suspended in the air near the ground,i97801
es,0.8725485279623948,4,0.6485808996587178,0,0,"violent storm, storm",4,2,4,12.5,0.8425,1.8e-05,2.0,0.8749999999927084,0.8425,0.0769230769224852,0.02089315759937236,0.10810810810781592,0.24999999999375,violent storm,a violent weather condition with winds 64-72 knots (11 on the Beaufort scale) and precipitation and thunder and lightning,i97824
en,0.848045663220532,4,0.6513961257977637,0,0,"violent storm, storm",8,2,4,9.0,0.8035,3.17e-05,2.0,0.599999999994,0.8035,0.14285714285510204,0.0628259331071363,0.03999999999998,0.09090909090826446,violent storm,a violent weather condition with winds 64-72 knots (11 on the Beaufort scale) and precipitation and thunder and lightning,i97824
it,0.7974961684386763,4,0.0,0,0,"violent storm, storm",5,7,28,7.666666666666667,0.743,1.4113333333333334e-05,4.666666666666667,0.40476190475901364,0.743,0.20430107526749916,0.01371048020818909,0.06849315068483768,0.5454545454495868,violent storm,a violent weather condition with winds 64-72 knots (11 on the Beaufort scale) and precipitation and thunder and lightning,i97824
nb,0.7770532204851841,4,0.999999999968358,0,1,"violent storm, storm",0,2,2,4.5,0.771,1.3145e-05,1.0,0.18749999999765626,0.771,0.0,0.018914141144077554,0.0,0.3333333333222222,violent storm,a violent weather condition with winds 64-72 knots (11 on the Beaufort scale) and precipitation and thunder and lightning,i97824
it,0.8234336847222705,4,0.0,1,1,"rainfall, rain",7,2,15,6.0,0.5375,0.00011525,7.5,0.2857142857122449,0.5375,0.387096774191051,0.11972752490890398,0.09589041095877275,0.09090909090826446,rainfall,water falling in drops from vapor condensed in the atmosphere,i98034
en,0.7818669179621294,4,0.37851890077939054,1,1,"rainfall, rain",5,2,4,6.0,0.48050000000000004,2.8955e-05,2.0,0.299999999997,0.48050000000000004,0.14285714285510204,0.05673419215414834,0.0249999999999875,0.09090909090826446,rainfall,water falling in drops from vapor condensed in the atmosphere,i98034
nb,0.7731246283355656,4,0.9999999999203416,1,1,"rainfall, rain",1,2,2,5.5,0.506,1.256e-05,1.0,0.31249999999609374,0.506,0.0,0.018068695293511336,0.199999999996,0.3333333333222222,rainfall,water falling in drops from vapor condensed in the atmosphere,i98034
es,0.7295660641998498,3,0.5060170540478732,1,1,"rainfall, rain",3,1,3,6.0,0.186,4.07e-05,3.0,0.33333333333055554,0.186,0.1538461538449704,0.04986534315256433,0.08108108108086194,0.0,rainfall,water falling in drops from vapor condensed in the atmosphere,i98034
en,0.7032042094218909,3,0.004756745911954939,0,1,"snowfall, snow",2,2,5,6.0,0.196,2.368e-05,2.5,0.299999999997,0.196,0.21428571428265306,0.0450278411424866,0.009999999999995,0.09090909090826446,snowfall,precipitation falling from clouds in the form of ice crystals,i98073
nb,0.7006729101880053,3,0.999999999883579,0,1,"snowfall, snow",0,1,1,3.0,0.486,3.8e-05,1.0,0.0,0.486,0.0,0.05483475074377557,0.0,0.0,snowfall,precipitation falling from clouds in the form of ice crystals,i98073
es,0.6611995505167491,3,0.011622880210970798,0,0,"snowfall, snow",0,1,4,5.0,0.208,2.45e-05,4.0,0.24999999999791667,0.208,0.23076923076745562,0.029189157867907507,0.0,0.0,snowfall,precipitation falling from clouds in the form of ice crystals,i98073
it,0.6564492802352974,3,0.0,0,0,"snowfall, snow",2,2,5,6.0,0.1995,1.503e-05,2.5,0.2857142857122449,0.1995,0.06451612903184183,0.014671380880305913,0.027397260273935072,0.09090909090826446,snowfall,precipitation falling from clouds in the form of ice crystals,i98073
it,0.9845730728367453,4,0.5096856061068388,1,1,"conditions, weather, weather condition",13,1,17,5.0,0.524,0.000955,17.0,0.21428571428418366,0.524,0.9999999999935484,0.9999998951744721,0.17808219178057796,0.0,conditions,the atmospheric conditions that comprise the state of the atmosphere in terms of temperature and wind and clouds and precipitation,i98170
es,0.9665466051573411,4,0.0,1,0,"conditions, weather, weather condition",6,4,9,12.666666666666666,0.8109999999999999,0.00035673,2.6666666666666665,0.8888888888814814,0.8109999999999999,0.128205128204142,0.45321687620874307,0.16216216216172388,0.74999999998125,conditions,the atmospheric conditions that comprise the state of the atmosphere in terms of temperature and wind and clouds and precipitation,i98170
en,0.8949811017189445,4,0.2365773168989886,0,1,"conditions, weather, weather condition",11,4,6,11.333333333333334,0.632,6.873333333333333e-05,1.6666666666666667,0.833333333325,0.632,0.09523809523673471,0.1450108049804772,0.0549999999999725,0.2727272727247934,conditions,the atmospheric conditions that comprise the state of the atmosphere in terms of temperature and wind and clouds and precipitation,i98170
nb,0.7947590077982828,4,0.999999999953761,1,1,"conditions, weather, weather condition",2,1,1,3.0,0.186,0.000191,1.0,0.0,0.186,0.0,0.2759513578149401,0.399999999992,0.0,conditions,the atmospheric conditions that comprise the state of the atmosphere in terms of temperature and wind and clouds and precipitation,i98170
