Language,basicness_score,basicness_rank,basicness_score_softmax,basicness_score_softmax_clip,basicness_score_softmax_scale,combined_metric_softmax,combined_metric_softmax_clip,word_in_children_res,word_in_second_lang_learn_res,en_lemmas,n_hyponyms,n_synonyms,n_syn_senses,avg_word_length,avg_pronounce_complexity,avg_word_frequency,avg_n_senses,normalized_length,normalized_pronounce_complexity,normalized_n_senses,normalized_frequency,normalized_n_hyponyms,normalized_n_synonyms,example_en_lemma,example_en_gloss,ili
nb,0.9999999999128549,4,0.0047607444572371985,0.0047607444572371985,0.0047607444572371985,0.8161270479552443,0.8161270479552443,1,1,"rosebush, rose",0,1,1,4.0,0.466,2.19e-05,1.0,0.1249999999984375,0.466,0.0,0.031566924770927526,0.0,0.0,rosebush,any of many shrubs of the genus Rosa that bear roses,i103203
es,0.09409247913604503,1,0.0035461678011286545,0.0035461678011286545,0.0035461678011286545,0.5215905211373318,0.5215905211373318,0,0,"rosebush, rose",0,1,5,4.0,0.186,5.13e-05,5.0,0.16666666666527777,0.186,0.3076923076899408,0.06339420512894473,0.0,0.0,rosebush,any of many shrubs of the genus Rosa that bear roses,i103203
it,0.027671595363250753,1,0.0034458935718281822,0.0034458935718281822,0.0034458935718281822,0.49290624643682274,0.49290624643682274,0,0,"rosebush, rose",5,2,10,5.0,0.1925,3.30699e-05,5.0,0.21428571428418366,0.1925,0.2258064516114464,0.03358180128203717,0.06849315068483768,0.09090909090826446,rosebush,any of many shrubs of the genus Rosa that bear roses,i103203
en,0.0,1,0.0032208095073459966,0.0032208095073459966,0.003220809507345997,0.42535572111923176,0.42535572111923176,0,0,"rosebush, rose",11,2,4,6.0,0.48650000000000004,3.307945e-05,2.0,0.299999999997,0.48650000000000004,0.14285714285510204,0.06588722711719067,0.0549999999999725,0.09090909090826446,rosebush,any of many shrubs of the genus Rosa that bear roses,i103203
en,0.9999999998819638,4,0.004341030541535295,0.004341030541535295,0.004341030541535295,0.7238347652533702,0.7238347652533702,0,1,wood,91,1,8,4.0,0.199,6.03e-05,8.0,0.099999999999,0.199,0.9999999999857143,0.12629543811823127,0.45499999999977253,0.0,wood,the hard fibrous lignified substance under the bark of trees,i116549
nb,0.8017808743168316,4,0.004100635082089148,0.004100635082089148,0.004100635082089149,0.6668648531469737,0.6668648531469737,0,0,wood,0,1,2,3.0,0.442,0.000692,2.0,0.0,0.442,0.11111111110987654,0.9999998554793418,0.0,0.0,wood,the hard fibrous lignified substance under the bark of trees,i116549
it,0.0,1,0.0033146576650869893,0.0033146576650869893,0.0033146576650869893,0.454077343216547,0.454077343216547,0,0,wood,44,2,5,6.0,0.1875,2.5725e-05,2.5,0.2857142857122449,0.1875,0.06451612903184183,0.02588247108571258,0.6027397260265716,0.09090909090826446,wood,the hard fibrous lignified substance under the bark of trees,i116549
es,0.023249423278482072,1,0.0032391021600240585,0.0032391021600240585,0.0032391021600240585,0.4310191736598309,0.4310191736598309,0,0,wood,12,1,3,6.0,0.189,4.9e-05,3.0,0.33333333333055554,0.189,0.1538461538449704,0.0604586973416169,0.32432432432344777,0.0,wood,the hard fibrous lignified substance under the bark of trees,i116549
nb,0.9999999998395797,4,0.0032794968853074188,0.0032794968853074188,0.003279496885307419,0.4434130153666821,0.4434130153666821,0,1,midnight,0,1,1,7.0,0.884,1.35e-05,1.0,0.49999999999375,0.884,0.0,0.019427189480745944,0.0,0.0,midnight,12 o'clock at night; the middle of the night,i116927
en,0.08368484683803581,1,0.002848975179512113,0.002848975179512113,0.002848975179512113,0.30268233683951634,0.30268233683951634,0,0,midnight,0,1,1,8.0,0.638,2.04e-05,1.0,0.499999999995,0.638,0.0,0.03774882098736802,0.0,0.0,midnight,12 o'clock at night; the middle of the night,i116927
it,0.027380265337080663,1,0.00270153924592199,0.00270153924592199,0.0027015392459219904,0.24954469501397014,0.24954469501397014,0,0,midnight,0,1,3,10.0,0.797,1.78e-05,3.0,0.5714285714244898,0.797,0.09677419354776275,0.017575048002229848,0.0,0.0,midnight,12 o'clock at night; the middle of the night,i116927
es,0.0,1,0.002572030270448256,0.002572030270448256,0.002572030270448256,0.2004185688933762,0.2004185688933762,0,0,midnight,0,1,1,10.0,0.758,7.59e-06,1.0,0.6666666666611111,0.758,0.0,0.007606794092379919,0.0,0.0,midnight,12 o'clock at night; the middle of the night,i116927
en,0.999999999910069,4,0.0035187567567965235,0.0035187567567965235,0.0035187567567965235,0.5138307264920404,0.5138307264920404,1,1,"break of day, first light, morning",0,12,21,10.0,0.711,0.00017533333333333333,2.0,0.699999999993,0.711,0.14285714285510204,0.3815789600218311,0.0,0.999999999990909,break of day,the first light of day,i116932
it,0.08371641523496633,1,0.003348908886304627,0.003348908886304627,0.0033489088863046276,0.46435758056433896,0.46435758056433896,0,0,"break of day, first light, morning",0,7,26,5.333333333333333,0.36233333333333334,1.0616666666666668e-05,5.666666666666667,0.2380952380935374,0.36233333333333334,0.268817204299341,0.010045080917096182,0.0,0.5454545454495868,break of day,the first light of day,i116932
es,0.08868908913861098,1,0.0032277864445248695,0.0032277864445248695,0.00322778644452487,0.4275195843704854,0.4275195843704854,0,0,"break of day, first light, morning",0,2,4,6.0,0.194,1.91e-05,2.0,0.33333333333055554,0.194,0.0769230769224852,0.022297096106355233,0.0,0.24999999999375,break of day,the first light of day,i116932
nb,0.0,1,0.0029927874583446866,0.0029927874583446866,0.002992787458344687,0.3519282067954406,0.3519282067954406,0,0,"break of day, first light, morning",0,1,1,6.0,0.828,1.29e-06,1.0,0.3749999999953125,0.828,0.0,0.0017812171125177142,0.0,0.0,break of day,the first light of day,i116932
en,0.9999999998847348,4,0.004007519217622035,0.004007519217622035,0.004007519217622036,0.6438953942658354,0.6438953942658354,0,1,"twilight, fall, dusk",1,9,22,5.333333333333333,0.26899999999999996,4.812e-05,5.333333333333333,0.23333333333099998,0.26899999999999996,0.6190476190387755,0.09926541815196775,0.0049999999999975,0.7272727272661157,twilight,the time of day immediately following sunset,i116935
it,0.0,1,0.0027512808914050137,0.0027512808914050137,0.002751280891405014,0.2677895752916437,0.2677895752916437,0,0,"twilight, fall, dusk",0,2,4,9.5,0.7925,1.034e-06,2.0,0.5357142857104592,0.7925,0.03225806451592091,0.0,0.0,0.09090909090826446,twilight,the time of day immediately following sunset,i116935
es,0.0,1,0.002604962156338059,0.002604962156338059,0.0026049621563380594,0.21314114114401905,0.21314114114401905,0,0,"twilight, fall, dusk",1,3,6,9.666666666666666,0.7786666666666667,1.6299999999999999e-06,2.0,0.6388888888835648,0.7786666666666667,0.0769230769224852,0.0,0.02702702702695398,0.4999999999875,twilight,the time of day immediately following sunset,i116935
nb,0.0,1,0.0024306747617408083,0.0024306747617408083,0.0024306747617408087,0.14389189189695945,0.14389189189695945,0,0,"twilight, fall, dusk",0,1,1,9.0,0.892,5.75e-08,1.0,0.749999999990625,0.892,0.0,0.0,0.0,0.0,twilight,the time of day immediately following sunset,i116935
it,0.9973579649821567,4,0.003452182323597866,0.003452182323597866,0.003452182323597866,0.49472958198931427,0.49472958198931427,0,1,"season, time of year",11,1,5,8.0,0.842,0.000129,5.0,0.42857142856836733,0.842,0.2258064516114464,0.13414103499065638,0.1506849315066429,0.0,season,one of the natural periods into which the year is divided by the equinoxes and solstices or atmospheric conditions,i117307
en,0.9999999998518925,4,0.003398581265646987,0.003398581265646987,0.003398581265646987,0.4790810630907017,0.4790810630907017,0,1,"season, time of year",8,2,4,9.0,0.758,0.000454,2.0,0.599999999994,0.758,0.14285714285510204,0.9999997780786538,0.03999999999998,0.09090909090826446,season,one of the natural periods into which the year is divided by the equinoxes and solstices or atmospheric conditions,i117307
es,0.951765836888509,4,0.003317189022475325,0.003317189022475325,0.0033171890224753253,0.454840737676801,0.454840737676801,0,1,"season, time of year",5,1,3,8.0,0.804,6.46e-05,3.0,0.49999999999583333,0.804,0.1538461538449704,0.08036909798610126,0.1351351351347699,0.0,season,one of the natural periods into which the year is divided by the equinoxes and solstices or atmospheric conditions,i117307
nb,0.0,1,0.002984431277052716,0.002984431277052716,0.002984431277052716,0.34913219510314136,0.34913219510314136,0,0,"season, time of year",5,1,1,6.0,0.862,9.55e-07,1.0,0.3749999999953125,0.862,0.0,0.0012970729074926156,0.99999999998,0.0,season,one of the natural periods into which the year is divided by the equinoxes and solstices or atmospheric conditions,i117307
es,0.9999999986393788,4,0.00437385312136695,0.00437385312136695,0.00437385312136695,0.7313673351180161,0.7313673351180161,1,1,"summertime, summer",0,1,1,6.0,0.2,8.71e-05,1.0,0.33333333333055554,0.2,0.0,0.10908602199256907,0.0,0.0,summertime,the warmest season of the year; in the northern hemisphere it extends from the summer solstice to the autumnal equinox,i117310
it,0.2166333886367501,1,0.004286374803739994,0.004286374803739994,0.004286374803739995,0.7111643349657609,0.7111643349657609,1,1,"summertime, summer",0,1,2,6.0,0.729,6.92e-05,2.0,0.2857142857122449,0.729,0.03225806451592091,0.07145536932601693,0.0,0.0,summertime,the warmest season of the year; in the northern hemisphere it extends from the summer solstice to the autumnal equinox,i117310
nb,0.055090894751463435,1,0.004101298369083397,0.004101298369083397,0.004101298369083398,0.6670265923270449,0.6670265923270449,1,1,"summertime, summer",0,1,1,6.0,0.754,0.000102,1.0,0.3749999999953125,0.754,0.0,0.1473279720023019,0.0,0.0,summertime,the warmest season of the year; in the northern hemisphere it extends from the summer solstice to the autumnal equinox,i117310
en,0.0,1,0.004020116709921407,0.004020116709921407,0.004020116709921408,0.6470339278899132,0.6470339278899132,1,1,"summertime, summer",0,2,3,8.0,0.203,8.589e-05,1.5,0.499999999995,0.203,0.07142857142755102,0.18308511060892776,0.0,0.09090909090826446,summertime,the warmest season of the year; in the northern hemisphere it extends from the summer solstice to the autumnal equinox,i117310
nb,0.9999999999181983,4,0.00419342228589431,0.00419342228589431,0.00419342228589431,0.6892401685932298,0.6892401685932298,1,1,"festivity, celebration",1,3,13,5.666666666666667,0.6749999999999999,4.47e-05,4.333333333333333,0.3333333333291667,0.6749999999999999,0.3703703703662551,0.06451763484427754,0.199999999996,0.6666666666444444,festivity,any joyous diversion,i37653
it,0.010536735996462867,1,0.0027563869269162794,0.0027563869269162794,0.0027563869269162794,0.2696437310405122,0.2696437310405122,0,0,"festivity, celebration",3,2,7,9.75,0.6557499999999999,5.961749999999999e-06,3.0,0.5535714285674745,0.6557499999999999,0.09677419354776275,0.005165539949480384,0.04109589041090261,0.09090909090826446,festivity,any joyous diversion,i37653
es,0.014539663149253444,1,0.0026929914906939014,0.0026929914906939014,0.0026929914906939014,0.24637564739923334,0.24637564739923334,0,0,"festivity, celebration",3,2,5,9.0,0.7585,1.6795e-05,2.5,0.5833333333284723,0.7585,0.11538461538372781,0.019355206780359308,0.08108108108086194,0.24999999999375,festivity,any joyous diversion,i37653
en,0.0,1,0.002531924402505731,0.002531924402505731,0.002531924402505731,0.1847026403675808,0.1847026403675808,0,0,"festivity, celebration",7,2,4,10.0,0.7364999999999999,9.923499999999999e-06,2.0,0.699999999993,0.7364999999999999,0.14285714285510204,0.014499231153496115,0.0349999999999825,0.09090909090826446,festivity,any joyous diversion,i37653
es,0.9999999999214604,4,0.004211883501588416,0.004211883501588416,0.004211883501588416,0.6936329285586665,0.6936329285586665,1,1,"soccer, association football",0,1,2,6.0,0.701,0.000115,2.0,0.33333333333055554,0.701,0.0769230769224852,0.14469500776058916,0.0,0.0,soccer,a football game in which two teams of 11 players try to kick or head a ball into the opponents' goal,i37904
it,0.9571235633837096,4,0.004122688098594617,0.004122688098594617,0.004122688098594617,0.6722283950845955,0.6722283950845955,1,1,"soccer, association football",0,3,14,7.0,0.7166666666666667,5.36e-05,4.666666666666667,0.35714285714030614,0.7166666666666667,0.20430107526749916,0.05510258697871969,0.0,0.18181818181652892,soccer,a football game in which two teams of 11 players try to kick or head a ball into the opponents' goal,i37904
nb,0.9420114495306253,4,0.0038506678154205803,0.0038506678154205803,0.0038506678154205808,0.603969585169953,0.603969585169953,1,1,"soccer, association football",0,1,1,7.0,0.84,0.0002,1.0,0.49999999999375,0.84,0.0,0.2889582170544204,0.0,0.0,soccer,a football game in which two teams of 11 players try to kick or head a ball into the opponents' goal,i37904
en,0.0,1,0.0021761108490257544,0.0021761108490257544,0.0021761108490257544,0.03326226270573463,0.03326226270573463,0,0,"soccer, association football",0,2,2,13.0,0.679,4.36e-05,1.0,0.99999999999,0.679,0.0,0.08923457330406044,0.0,0.09090909090826446,soccer,a football game in which two teams of 11 players try to kick or head a ball into the opponents' goal,i37904
it,0.9999999990414027,4,0.003889089959562334,0.003889089959562334,0.0038890899595623346,0.6138981800657068,0.6138981800657068,0,1,"athletics, sport",20,1,2,5.0,0.759,8.91e-05,2.0,0.21428571428418366,0.759,0.03225806451592091,0.09231564937160763,0.2739726027393507,0.0,athletics,an active diversion requiring physical exertion and competition,i38140
nb,0.2975149122177794,2,0.0036591680529436477,0.0036591680529436477,0.003659168052943648,0.5529588069976707,0.5529588069976707,0,1,"athletics, sport",1,2,2,5.5,0.8320000000000001,4.7449999999999995e-05,1.0,0.31249999999609374,0.8320000000000001,0.0,0.06849195294522983,0.199999999996,0.3333333333222222,athletics,an active diversion requiring physical exertion and competition,i38140
es,0.4212378917402273,2,0.003635958479152852,0.003635958479152852,0.0036359584791528523,0.5465957502367828,0.5465957502367828,0,1,"athletics, sport",8,1,2,7.0,0.208,4.9e-05,2.0,0.41666666666319446,0.208,0.0769230769224852,0.0604586973416169,0.21621621621563183,0.0,athletics,an active diversion requiring physical exertion and competition,i38140
en,0.0,1,0.003491941427897531,0.003491941427897531,0.003491941427897531,0.5061808579731184,0.5061808579731184,0,1,"athletics, sport",20,2,10,7.0,0.8165,3.0155e-05,5.0,0.399999999996,0.8165,0.5714285714204081,0.05939724830846002,0.09999999999995,0.09090909090826446,athletics,an active diversion requiring physical exertion and competition,i38140
es,0.999999999899955,4,0.004296172215192296,0.004296172215192296,0.004296172215192297,0.7134474371000074,0.7134474371000074,0,1,"squealer, hog, pig",1,5,10,4.666666666666667,0.38599999999999995,0.00078514,2.6666666666666665,0.22222222222037039,0.38599999999999995,0.128205128204142,0.9999998723692266,0.02702702702695398,0.999999999975,squealer,domestic swine,i48199
nb,0.6413021417397878,3,0.004094390336888114,0.004094390336888114,0.004094390336888114,0.6653408197021757,0.6653408197021757,0,1,"squealer, hog, pig",0,1,2,4.0,0.644,1.15e-05,2.0,0.1249999999984375,0.644,0.11111111110987654,0.016536776316416996,0.0,0.0,squealer,domestic swine,i48199
it,0.5598412993236939,3,0.003743176083853046,0.003743176083853046,0.0037431760838530464,0.575657464686131,0.575657464686131,0,1,"squealer, hog, pig",0,3,10,6.5,0.42974999999999997,6.48675e-06,3.0,0.3214285714262755,0.42974999999999997,0.09677419354776275,0.005715873970783658,0.0,0.18181818181652892,squealer,domestic swine,i48199
en,0.0,1,0.003460691204381769,0.003460691204381769,0.003460691204381769,0.4971913325324424,0.4971913325324424,0,0,"squealer, hog, pig",1,5,15,4.666666666666667,0.429,5.855233333333334e-06,3.6666666666666665,0.16666666666500002,0.429,0.38095238094693873,0.005470879000123019,0.0049999999999975,0.36363636363305785,squealer,domestic swine,i48199
en,0.9999999998917941,4,0.004987056475870091,0.004987056475870091,0.004987056475870092,0.8625688444795426,0.8625688444795426,1,1,fish,13,1,4,4.0,0.197,7.94e-05,4.0,0.099999999999,0.197,0.4285714285653061,0.16868241524102545,0.0649999999999675,0.0,fish,any of various mostly cold-blooded aquatic vertebrates usually having scales and breathing through gills,i48880
nb,0.8447071691327542,4,0.00480358554751445,0.00480358554751445,0.0048035855475144495,0.825085621483539,0.825085621483539,1,1,fish,0,1,2,4.0,0.398,5.13e-05,2.0,0.1249999999984375,0.398,0.11111111110987654,0.07405599828656308,0.0,0.0,fish,any of various mostly cold-blooded aquatic vertebrates usually having scales and breathing through gills,i48880
it,0.11035765237779005,1,0.003944964168108008,0.003944964168108008,0.003944964168108008,0.6281628647558877,0.6281628647558877,1,0,fish,3,1,5,5.0,0.199,4.07e-05,5.0,0.21428571428418366,0.199,0.2258064516114464,0.04158009388383927,0.04109589041090261,0.0,fish,any of various mostly cold-blooded aquatic vertebrates usually having scales and breathing through gills,i48880
es,0.0,1,0.0038588963435652024,0.0038588963435652024,0.0038588963435652024,0.6061042145989253,0.6061042145989253,1,0,fish,2,2,3,4.5,0.477,7.7734e-06,1.5,0.20833333333159723,0.477,0.0384615384612426,0.007840868930725973,0.05405405405390796,0.24999999999375,fish,any of various mostly cold-blooded aquatic vertebrates usually having scales and breathing through gills,i48880
nb,0.9999999998930322,4,0.00522053763501725,0.00522053763501725,0.00522053763501725,0.908323385166592,0.908323385166592,1,1,boat,2,1,1,3.0,0.203,5.01e-05,1.0,0.0,0.203,0.0,0.0723217503879657,0.399999999992,0.0,boat,a small vessel for travel on water,i50885
en,0.9589237265960759,4,0.004959893346301344,0.004959893346301344,0.004959893346301346,0.8571072311054779,0.8571072311054779,1,1,boat,26,1,2,4.0,0.202,5.13e-05,2.0,0.099999999999,0.202,0.14285714285510204,0.10632251696089369,0.129999999999935,0.0,boat,a small vessel for travel on water,i50885
es,0.6478504614374666,3,0.004143421050251458,0.004143421050251458,0.004143421050251459,0.6772447806078692,0.6772447806078692,1,1,boat,8,3,12,6.666666666666667,0.40599999999999997,1.5689999999999997e-05,4.0,0.38888888888564815,0.40599999999999997,0.23076923076745562,0.01794488673470833,0.21621621621563183,0.4999999999875,boat,a small vessel for travel on water,i50885
it,0.0,1,0.0036247072185153413,0.0036247072185153413,0.0036247072185153413,0.5434965111003258,0.5434965111003258,1,0,boat,19,3,9,6.666666666666667,0.4163333333333334,8.995666666666666e-06,3.0,0.3333333333309524,0.4163333333333334,0.09677419354776275,0.008345859110367407,0.26027397260238316,0.18181818181652892,boat,a small vessel for travel on water,i50885
nb,0.9999999998790734,4,0.004232994277298831,0.004232994277298831,0.004232994277298831,0.6986326029739033,0.6986326029739033,0,1,"passenger vehicle, bus, coach",0,1,1,4.0,0.273,3.89e-05,1.0,0.1249999999984375,0.273,0.0,0.05613543666772359,0.0,0.0,passenger vehicle,a vehicle carrying many passengers; used for public transport,i51285
es,0.7710092804938252,4,0.0036275654609963497,0.0036275654609963497,0.00362756546099635,0.5442847447355756,0.5442847447355756,0,1,"passenger vehicle, bus, coach",2,1,1,7.0,0.2,2.04e-05,1.0,0.41666666666319446,0.2,0.0,0.023956296160062264,0.05405405405390796,0.0,passenger vehicle,a vehicle carrying many passengers; used for public transport,i51285
en,0.7595256224220652,4,0.003351575430543351,0.003351575430543351,0.0033515754305433513,0.4651535064268291,0.4651535064268291,0,1,"passenger vehicle, bus, coach",3,10,18,8.333333333333334,0.49666666666666665,5.856666666666666e-05,3.3333333333333335,0.533333333328,0.49666666666666665,0.33333333332857146,0.12244880145089217,0.0149999999999925,0.8181818181743802,passenger vehicle,a vehicle carrying many passengers; used for public transport,i51285
it,0.0,1,0.0029979690101454757,0.0029979690101454757,0.0029979690101454757,0.3536580561458989,0.3536580561458989,0,0,"passenger vehicle, bus, coach",3,7,9,7.75,0.57625,1.0059725e-05,1.5,0.41071428571135205,0.57625,0.0,0.009461263875099962,0.04109589041090261,0.5454545454495868,passenger vehicle,a vehicle carrying many passengers; used for public transport,i51285
es,0.9999999998437517,4,0.0033149787149497627,0.0033149787149497627,0.0033149787149497627,0.4541741961492331,0.4541741961492331,0,1,cathedral,0,1,2,8.0,0.753,1.82e-05,2.0,0.49999999999583333,0.753,0.0769230769224852,0.02114841914609652,0.0,0.0,cathedral,any large and important church,i51645
it,0.10568328486839765,1,0.0030121313497096453,0.0030121313497096453,0.0030121313497096457,0.3583709111498092,0.3583709111498092,0,0,cathedral,0,2,3,7.5,0.6445,1.705e-05,1.5,0.39285714285433676,0.6445,0.0,0.016788856543225174,0.0,0.09090909090826446,cathedral,any large and important church,i51645
en,0.019983788084530316,1,0.002644778084868338,0.002644778084868338,0.0026447780848683376,0.2283101552913857,0.2283101552913857,0,0,cathedral,2,1,2,9.0,0.865,9.77e-06,2.0,0.599999999994,0.865,0.14285714285510204,0.014158581887090415,0.009999999999995,0.0,cathedral,any large and important church,i51645
nb,0.0,1,0.002614843157021339,0.002614843157021339,0.002614843157021339,0.2169271108852607,0.2169271108852607,0,0,cathedral,0,1,1,8.0,0.826,1.05e-06,1.0,0.6249999999921875,0.826,0.0,0.0014343675327982404,0.0,0.0,cathedral,any large and important church,i51645
it,0.9999999995141362,4,0.0038053774787925425,0.0038053774787925425,0.003805377478792543,0.5921381857448712,0.5921381857448712,0,1,"church, church building",4,1,4,6.0,0.658,0.000191,4.0,0.2857142857122449,0.658,0.16129032257960457,0.1991328622683762,0.054794520547870144,0.0,church,a place for public (especially Christian) worship,i51914
es,0.5235574020188832,3,0.0035073731549075562,0.0035073731549075562,0.003507373154907557,0.51059036174142,0.51059036174142,0,1,"church, church building",3,1,4,7.0,0.758,0.000132,4.0,0.41666666666319446,0.758,0.23076923076745562,0.16639223923214264,0.08108108108086194,0.0,church,a place for public (especially Christian) worship,i51914
nb,0.021062339722754557,1,0.0030212477421659753,0.0030212477421659753,0.0030212477421659753,0.36139289907909133,0.36139289907909133,0,1,"church, church building",1,3,3,8.333333333333334,0.8083333333333332,3.0011833333333336e-05,1.0,0.6666666666583334,0.8083333333333332,0.0,0.04329019969768205,0.199999999996,0.6666666666444444,church,a place for public (especially Christian) worship,i51914
en,0.0,1,0.002920438589035129,0.002920438589035129,0.0029204385890351293,0.3274568000870551,0.3274568000870551,0,1,"church, church building",5,2,5,10.5,0.8734999999999999,0.000114,2.5,0.7499999999925,0.8734999999999999,0.21428571428265306,0.2454672010236788,0.0249999999999875,0.09090909090826446,church,a place for public (especially Christian) worship,i51914
nb,0.9999999999098813,4,0.004330019668222535,0.004330019668222535,0.004330019668222535,0.7212950776804103,0.7212950776804103,1,1,"diadem, crown",0,1,1,5.0,0.792,1.48e-05,1.0,0.249999999996875,0.792,0.0,0.02130595803755976,0.0,0.0,diadem,an ornamental jeweled headdress signifying sovereignty,i52549
en,0.0631319449096932,1,0.0033162007405487816,0.0033162007405487816,0.003316200740548782,0.4545427657592259,0.4545427657592259,0,0,"diadem, crown",1,2,13,5.5,0.42700000000000005,1.82725e-05,6.5,0.2499999999975,0.42700000000000005,0.7857142857030612,0.033027444347119614,0.0049999999999975,0.09090909090826446,diadem,an ornamental jeweled headdress signifying sovereignty,i52549
es,0.04663060185234648,1,0.003229690597488083,0.003229690597488083,0.0032296905974880832,0.42810933575667365,0.42810933575667365,0,0,"diadem, crown",0,1,6,6.0,0.2,2.95e-05,6.0,0.33333333333055554,0.2,0.38461538461242606,0.03557069653601146,0.0,0.0,diadem,an ornamental jeweled headdress signifying sovereignty,i52549
it,0.0,1,0.0031696926343562797,0.0031696926343562797,0.0031696926343562806,0.4093576157789553,0.4093576157789553,0,0,"diadem, crown",1,2,14,6.5,0.48750000000000004,1.2896e-05,7.0,0.3214285714262755,0.48750000000000004,0.3548387096751301,0.012434404115617944,0.013698630136967536,0.09090909090826446,diadem,an ornamental jeweled headdress signifying sovereignty,i52549
en,0.999999999895966,4,0.004336070954102886,0.004336070954102886,0.004336070954102886,0.7226916213187298,0.7226916213187298,0,1,farm,13,1,1,4.0,0.204,5.62e-05,1.0,0.099999999999,0.204,0.0,0.11719666292433303,0.0649999999999675,0.0,farm,workplace consisting of farm buildings and cultivated land as a unit,i53601
nb,0.6128733183418731,3,0.003129195128249086,0.003129195128249086,0.003129195128249086,0.39649881732136943,0.39649881732136943,0,1,farm,1,3,5,8.0,0.6186666666666667,6.159566666666667e-06,1.6666666666666667,0.6249999999921875,0.6186666666666667,0.07407407407325103,0.008818746911473099,0.199999999996,0.6666666666444444,farm,workplace consisting of farm buildings and cultivated land as a unit,i53601
es,0.014239812417392271,1,0.002847421823871205,0.002847421823871205,0.002847421823871205,0.3021369550206269,0.3021369550206269,0,0,farm,4,4,15,7.666666666666667,0.8093333333333333,1.5083333333333333e-05,4.333333333333333,0.4722222222182871,0.8093333333333333,0.256410256408284,0.01717059337631172,0.10810810810781592,0.74999999998125,farm,workplace consisting of farm buildings and cultivated land as a unit,i53601
it,0.0,1,0.0028203820517976753,0.0028203820517976753,0.0028203820517976753,0.2925953484960553,0.2925953484960553,0,0,farm,9,4,12,9.0,0.7306666666666667,6.7666666666666665e-06,3.6666666666666665,0.4999999999964286,0.7306666666666667,0.1397849462356573,0.006009298094205514,0.12328767123270783,0.2727272727247934,farm,workplace consisting of farm buildings and cultivated land as a unit,i53601
nb,0.9999999998405508,4,0.003812157908044985,0.003812157908044985,0.0038121579080449856,0.5939184022319133,0.5939184022319133,0,1,guitar,0,1,1,5.0,0.694,1.32e-05,1.0,0.249999999996875,0.694,0.0,0.0189936275060966,0.0,0.0,guitar,a stringed instrument usually having six strings; played by strumming or plucking,i54496
es,0.926768971757493,4,0.003467984805735855,0.003467984805735855,0.003467984805735856,0.4992966709946478,0.4992966709946478,0,1,guitar,1,1,2,8.0,0.197,1.86e-05,2.0,0.49999999999583333,0.197,0.0769230769224852,0.02165894223954484,0.02702702702695398,0.0,guitar,a stringed instrument usually having six strings; played by strumming or plucking,i54496
en,0.10793396621085896,1,0.0031917219146941314,0.0031917219146941314,0.0031917219146941314,0.4162835496973714,0.4162835496973714,0,0,guitar,6,1,1,6.0,0.592,3.02e-05,1.0,0.299999999997,0.592,0.0,0.05949711291424671,0.029999999999985,0.0,guitar,a stringed instrument usually having six strings; played by strumming or plucking,i54496
it,0.0,1,0.0030634988446511,0.0030634988446511,0.0030634988446511,0.37528066941151805,0.37528066941151805,0,0,guitar,2,1,2,8.0,0.2,1.91e-05,2.0,0.42857142856836733,0.2,0.03225806451592091,0.01893777986450462,0.027397260273935072,0.0,guitar,a stringed instrument usually having six strings; played by strumming or plucking,i54496
nb,0.1459152548879893,1,0.0037809696246016975,0.0037809696246016975,0.0037809696246016975,0.5857034845438398,0.5857034845438398,0,0,"hostel, lodge, inn",0,1,1,3.0,0.446,2.14e-06,1.0,0.0,0.446,0.0,0.0030096427073575175,0.0,0.0,hostel,a hotel providing overnight lodging for travelers,i54942
en,0.1472890260318288,1,0.0034362336004218163,0.0034362336004218163,0.0034362336004218163,0.4900989813257418,0.4900989813257418,0,0,"hostel, lodge, inn",4,5,11,4.666666666666667,0.523,8.796666666666667e-06,3.0,0.16666666666500002,0.523,0.2857142857102041,0.011998547450815389,0.01999999999999,0.36363636363305785,hostel,a hotel providing overnight lodging for travelers,i54942
es,0.9999999998255572,4,0.0034114978039528608,0.0034114978039528608,0.003411497803952861,0.48287442691585636,0.48287442691585636,0,1,"hostel, lodge, inn",1,5,8,7.666666666666667,0.5656666666666667,3.6666666666666666e-06,2.0,0.4722222222182871,0.5656666666666667,0.0769230769224852,0.002599413417474346,0.02702702702695398,0.999999999975,hostel,a hotel providing overnight lodging for travelers,i54942
it,0.0,1,0.003179307807269839,0.003179307807269839,0.0031793078072698392,0.41238649579017994,0.41238649579017994,0,0,"hostel, lodge, inn",1,1,2,7.0,0.202,3.31e-06,2.0,0.35714285714030614,0.202,0.03225806451592091,0.0023858290142595214,0.013698630136967536,0.0,hostel,a hotel providing overnight lodging for travelers,i54942
nb,0.9999999998447715,4,0.0038763937247730034,0.0038763937247730034,0.003876393724773004,0.6106282624100513,0.6106282624100513,0,1,"kettle, boiler",0,1,1,5.0,0.472,2.19e-06,1.0,0.249999999996875,0.472,0.0,0.003081903036465742,0.0,0.0,kettle,a metal pot for stewing or boiling; usually has a lid,i55356
en,0.03931067222712074,1,0.0032092438325267447,0.0032092438325267447,0.003209243832526745,0.42175833656246103,0.42175833656246103,0,0,"kettle, boiler",1,2,6,6.0,0.46699999999999997,4.2999999999999995e-06,3.0,0.299999999997,0.46699999999999997,0.2857142857102041,0.00201948425035302,0.0049999999999975,0.09090909090826446,kettle,a metal pot for stewing or boiling; usually has a lid,i55356
it,0.0,1,0.0029927865633322505,0.0029927865633322505,0.002992786563332251,0.35192790773893134,0.35192790773893134,0,0,"kettle, boiler",0,2,6,8.0,0.47050000000000003,2.389e-06,3.0,0.42857142856836733,0.47050000000000003,0.09677419354776275,0.00142038590260178,0.0,0.09090909090826446,kettle,a metal pot for stewing or boiling; usually has a lid,i55356
es,0.008174524742018541,1,0.0029499506990194493,0.0029499506990194493,0.0029499506990194493,0.3375114513769364,0.3375114513769364,0,0,"kettle, boiler",0,1,1,7.0,0.73,4.57e-06,1.0,0.41666666666319446,0.73,0.0,0.0037523447368451287,0.0,0.0,kettle,a metal pot for stewing or boiling; usually has a lid,i55356
en,0.9999999998609648,4,0.003986808406707149,0.003986808406707149,0.003986808406707149,0.6387140061058798,0.6387140061058798,0,1,"horse, knight",0,2,7,5.5,0.2,3.83e-05,3.5,0.2499999999975,0.2,0.3571428571377551,0.07747274195585054,0.0,0.09090909090826446,horse,a chessman shaped to resemble the head of a horse; can move two squares horizontally and one vertically (or vice versa),i55427
nb,0.7892343734729984,4,0.003586834511751037,0.003586834511751037,0.003586834511751037,0.5329930552888491,0.5329930552888491,0,1,"horse, knight",0,2,3,6.0,0.6145,1.4874999999999999e-05,1.5,0.3749999999953125,0.6145,0.05555555555493827,0.021414348531222094,0.0,0.3333333333222222,horse,a chessman shaped to resemble the head of a horse; can move two squares horizontally and one vertically (or vice versa),i55427
it,0.04245311382917803,1,0.003192116580121999,0.003192116580121999,0.003192116580121999,0.41640719487689487,0.41640719487689487,0,0,"horse, knight",0,1,7,7.0,0.198,4.68e-05,7.0,0.35714285714030614,0.198,0.3548387096751301,0.047974451083743964,0.0,0.0,horse,a chessman shaped to resemble the head of a horse; can move two squares horizontally and one vertically (or vice versa),i55427
es,0.0,1,0.0030901114354325875,0.0030901114354325875,0.003090111435432588,0.3839301468678381,0.3839301468678381,0,0,"horse, knight",0,1,8,7.0,0.198,3.63e-05,8.0,0.41666666666319446,0.198,0.5384615384573964,0.044249589124632845,0.0,0.0,horse,a chessman shaped to resemble the head of a horse; can move two squares horizontally and one vertically (or vice versa),i55427
es,0.9999999998461999,4,0.003312405695306318,0.003312405695306318,0.0033124056953063186,0.45339771492724745,0.45339771492724745,0,1,"monument, memorial",8,1,3,9.0,0.206,1.74e-05,3.0,0.5833333333284723,0.206,0.1538461538449704,0.020127372959199884,0.21621621621563183,0.0,monument,a structure erected to commemorate persons or events,i56131
en,0.10675588868864112,1,0.0028718324401608773,0.0028718324401608773,0.0028718324401608773,0.31067330028327067,0.31067330028327067,0,0,"monument, memorial",12,2,6,8.0,0.5315,1.682e-05,3.0,0.499999999995,0.5315,0.2857142857102041,0.02980403679367152,0.05999999999997,0.09090909090826446,monument,a structure erected to commemorate persons or events,i56131
it,0.0,1,0.0021924879241678697,0.0021924879241678697,0.0021924879241678693,0.04075993081952256,0.04075993081952256,0,0,"monument, memorial",9,2,4,16.0,0.5075000000000001,1.077e-05,2.0,0.9999999999928572,0.5075000000000001,0.03225806451592091,0.010205813393159359,0.12328767123270783,0.09090909090826446,monument,a structure erected to commemorate persons or events,i56131
nb,4.4226738211464925e-24,1,0.00212962410850989,0.00212962410850989,0.0021296241085098904,0.011668482631479397,0.011668482631479397,0,0,"monument, memorial",0,1,1,11.0,0.858,1.38e-06,1.0,0.9999999999875,0.858,0.0,0.0019112857049125168,0.0,0.0,monument,a structure erected to commemorate persons or events,i56131
es,0.9999999998360202,4,0.0031480617869385575,0.0031480617869385575,0.003148061786938558,0.4025099510871449,0.4025099510871449,0,1,monastery,3,2,3,9.0,0.8280000000000001,1.3000000000000001e-05,1.5,0.5833333333284723,0.8280000000000001,0.0384615384612426,0.014511618931268403,0.08108108108086194,0.24999999999375,monastery,the residence of a religious community,i56337
it,0.04734208890889711,1,0.0028579840147112856,0.0028579840147112856,0.002857984014711286,0.30583947968059083,0.30583947968059083,0,0,monastery,2,2,10,8.5,0.813,1.4e-05,5.0,0.46428571428239795,0.813,0.2258064516114464,0.013591677943272826,0.027397260273935072,0.09090909090826446,monastery,the residence of a religious community,i56337
nb,0.017319419094773636,1,0.0027855324502592065,0.0027855324502592065,0.0027855324502592065,0.28016203347965934,0.28016203347965934,0,0,monastery,1,1,2,7.0,0.885,4.9e-06,2.0,0.49999999999375,0.885,0.11111111110987654,0.006998412874131466,0.199999999996,0.0,monastery,the residence of a religious community,i56337
en,0.0,1,0.0026863248708454282,0.0026863248708454282,0.0026863248708454282,0.24389703383072006,0.24389703383072006,0,0,monastery,4,1,1,9.0,0.661,4.47e-06,1.0,0.599999999994,0.661,0.0,0.0023967505388805097,0.01999999999999,0.0,monastery,the residence of a religious community,i56337
en,0.9819622116832109,4,0.003277587184606178,0.003277587184606178,0.003277587184606178,0.4428305306113019,0.4428305306113019,0,0,mosaic,0,1,6,6.0,0.206,3.8e-06,6.0,0.299999999997,0.206,0.7142857142755102,0.0009098775193898226,0.0,0.0,mosaic,art consisting of a design made of small pieces of colored stone or glass,i56381
it,0.9999999974945538,4,0.0031789938305032553,0.0031789938305032553,0.0031789938305032553,0.41228773458483736,0.41228773458483736,0,0,mosaic,0,2,6,7.0,0.2025,2.625e-06,3.0,0.35714285714030614,0.2025,0.09677419354776275,0.0016677741483685845,0.0,0.09090909090826446,mosaic,art consisting of a design made of small pieces of colored stone or glass,i56381
es,0.6974173322698772,3,0.0030789021522223434,0.0030789021522223434,0.0030789021522223434,0.3802960827221913,0.3802960827221913,0,0,mosaic,0,1,4,7.0,0.2,2.75e-06,4.0,0.41666666666319446,0.2,0.23076923076745562,0.0014294646616552868,0.0,0.0,mosaic,art consisting of a design made of small pieces of colored stone or glass,i56381
nb,0.0,1,0.00280357100945875,0.00280357100945875,0.0028035710094587506,0.2866169584823824,0.2866169584823824,0,0,mosaic,0,1,1,7.0,0.799,4.79e-07,1.0,0.49999999999375,0.799,0.0,0.0006091545743823259,0.0,0.0,mosaic,art consisting of a design made of small pieces of colored stone or glass,i56381
en,0.9999999998198086,4,0.003945420783930977,0.003945420783930977,0.003945420783930977,0.6282786045648462,0.6282786045648462,1,1,"painting, picture",20,2,14,7.5,0.771,8.74e-05,7.0,0.4499999999955,0.771,0.8571428571306122,0.1864361229364366,0.09999999999995,0.09090909090826446,painting,graphic art consisting of an artistic composition made by applying paints to a surface,i56911
it,0.09448930886464016,1,0.0036705763246385886,0.0036705763246385886,0.003670576324638589,0.5560716797854283,0.5560716797854283,0,1,"painting, picture",16,2,8,6.5,0.698,3.195e-05,4.0,0.3214285714262755,0.698,0.16129032257960457,0.03240786019545139,0.21917808219148058,0.09090909090826446,painting,graphic art consisting of an artistic composition made by applying paints to a surface,i56911
nb,0.0,1,0.0035568860539542794,0.0035568860539542794,0.0035568860539542794,0.5246084515034437,0.5246084515034437,0,1,"painting, picture",0,1,1,6.0,0.704,5.25e-06,1.0,0.3749999999953125,0.704,0.0,0.007504235177889032,0.0,0.0,painting,graphic art consisting of an artistic composition made by applying paints to a surface,i56911
es,0.06546638232509941,1,0.003552186210018007,0.003552186210018007,0.003552186210018007,0.5232862411090453,0.5232862411090453,0,1,"painting, picture",3,2,10,6.5,0.7545,3.43e-05,5.0,0.374999999996875,0.7545,0.3076923076899408,0.041696973657391265,0.08108108108086194,0.24999999999375,painting,graphic art consisting of an artistic composition made by applying paints to a surface,i56911
es,0.2209735078730897,1,0.003375591778145274,0.003375591778145274,0.0033755917781452746,0.47229364398826773,0.47229364398826773,0,0,"patio, terrace",0,1,2,5.0,0.205,2.51e-05,2.0,0.24999999999791667,0.205,0.0769230769224852,0.029954942508079983,0.0,0.0,patio,usually paved outdoor area adjoining a residence,i57055
en,0.025492515309747867,1,0.003194428197627761,0.003194428197627761,0.0031944281976277614,0.4171310972958564,0.4171310972958564,0,0,"patio, terrace",1,2,4,6.0,0.526,5.17e-06,2.0,0.299999999997,0.526,0.14285714285510204,0.003950199962228986,0.0049999999999975,0.09090909090826446,patio,usually paved outdoor area adjoining a residence,i57055
nb,0.9999999998204057,4,0.0030677033701024515,0.0030677033701024515,0.0030677033701024515,0.3766521870888555,0.3766521870888555,0,1,"patio, terrace",0,1,1,8.0,0.861,4.47e-06,1.0,0.6249999999921875,0.861,0.0,0.006376974043800743,0.0,0.0,patio,usually paved outdoor area adjoining a residence,i57055
it,0.0,1,0.0030650501845112654,0.0030650501845112654,0.003065050184511266,0.37578693602892405,0.37578693602892405,0,0,"patio, terrace",0,3,7,7.0,0.6557499999999999,5.5569999999999995e-06,2.25,0.35714285714030614,0.6557499999999999,0.04838709677388137,0.004741258625437528,0.0,0.18181818181652892,patio,usually paved outdoor area adjoining a residence,i57055
es,0.9999999998366945,4,0.0031505255049680816,0.0031505255049680816,0.0031505255049680816,0.4032922592591187,0.4032922592591187,0,1,sculpture,5,1,2,9.0,0.811,7.24e-06,2.0,0.5833333333284723,0.811,0.0769230769224852,0.007160086385612642,0.1351351351347699,0.0,sculpture,a three-dimensional work of plastic art,i58585
it,0.05569364339466719,1,0.002903556507540535,0.002903556507540535,0.0029035565075405355,0.3216593608725839,0.3216593608725839,0,0,sculpture,8,1,3,8.0,0.852,1.02e-05,3.0,0.42857142856836733,0.852,0.09677419354776275,0.009608307884315805,0.10958904109574029,0.0,sculpture,a three-dimensional work of plastic art,i58585
en,0.025245883874011433,1,0.0026675597207789915,0.0026675597207789915,0.002667559720778992,0.23688708560059168,0.23688708560059168,0,0,sculpture,9,1,2,9.0,0.756,8.32e-06,2.0,0.599999999994,0.756,0.14285714285510204,0.010940722367297139,0.0449999999999775,0.0,sculpture,a three-dimensional work of plastic art,i58585
nb,0.0,1,0.0026004408856752114,0.0026004408856752114,0.0026004408856752114,0.2114039954270272,0.2114039954270272,0,0,sculpture,2,1,1,8.0,0.895,1.66e-06,1.0,0.6249999999921875,0.895,0.0,0.00231594354791857,0.399999999992,0.0,sculpture,a three-dimensional work of plastic art,i58585
nb,0.9999999999055151,4,0.004574274202986152,0.004574274202986152,0.004574274202986153,0.7761710353477922,0.7761710353477922,0,1,ski,0,1,1,3.0,0.185,6.31e-05,1.0,0.0,0.185,0.0,0.09110943595610387,0.0,0.0,ski,narrow wood or metal or plastic runners used in pairs for gliding over snow,i58996
en,0.26089146222830134,2,0.003804472099178925,0.003804472099178925,0.003804472099178925,0.5919002363324386,0.5919002363324386,0,0,ski,1,1,1,3.0,0.389,1.35e-05,1.0,0.0,0.389,0.0,0.022436248100075877,0.0049999999999975,0.0,ski,narrow wood or metal or plastic runners used in pairs for gliding over snow,i58996
it,0.20230722407927987,1,0.0037182239755382696,0.0037182239755382696,0.00371822397553827,0.5689691217120909,0.5689691217120909,0,0,ski,1,1,4,3.0,0.185,1.23e-05,4.0,0.07142857142806122,0.185,0.16129032257960457,0.011809643969528896,0.013698630136967536,0.0,ski,narrow wood or metal or plastic runners used in pairs for gliding over snow,i58996
es,0.0,1,0.0021394181298920716,0.0021394181298920716,0.0021394181298920716,0.016256883503793427,0.016256883503793427,0,0,ski,0,1,1,14.0,0.802,3.59e-06,1.0,0.9999999999916667,0.802,0.0,0.0025015631578967517,0.0,0.0,ski,narrow wood or metal or plastic runners used in pairs for gliding over snow,i58996
it,0.8733119056843508,4,0.0031711089297327077,0.0031711089297327077,0.0031711089297327077,0.40980434018301237,0.40980434018301237,0,0,statue,1,1,2,6.0,0.729,2.14e-05,2.0,0.2857142857122449,0.729,0.03225806451592091,0.021348767005452286,0.013698630136967536,0.0,statue,a sculpture representing a human or animal,i59503
en,0.6780524215711122,3,0.00311584960064295,0.00311584960064295,0.00311584960064295,0.39222485340262964,0.39222485340262964,0,0,statue,7,1,1,6.0,0.849,1.23e-05,1.0,0.299999999997,0.849,0.0,0.019773191945764202,0.0349999999999825,0.0,statue,a sculpture representing a human or animal,i59503
es,0.9999999991549887,4,0.0030827958566922455,0.0030827958566922455,0.0030827958566922455,0.381559924274488,0.381559924274488,0,0,statue,0,2,13,6.5,0.5045,3.59e-05,6.5,0.374999999996875,0.5045,0.4230769230736686,0.04373906603118453,0.0,0.24999999999375,statue,a sculpture representing a human or animal,i59503
nb,0.0,1,0.0024399294761825916,0.0024399294761825916,0.002439929476182592,0.14769212904520407,0.14769212904520407,0,0,statue,0,2,2,9.0,0.847,1.35115e-06,1.0,0.749999999990625,0.847,0.0,0.001869591495017072,0.0,0.3333333333222222,statue,a sculpture representing a human or animal,i59503
en,0.9999999998649044,4,0.003972160312254902,0.003972160312254902,0.003972160312254902,0.635033099317955,0.635033099317955,0,1,"brand, sword, steel",8,4,19,5.0,0.599,4.743333333333333e-05,3.3333333333333335,0.199999999998,0.599,0.33333333332857146,0.09774155824144495,0.03999999999998,0.2727272727247934,brand,a cutting or thrusting weapon that has a long metal blade and a hilt with a hand guard,i59896
nb,0.858186147165018,4,0.0038841785980580587,0.0038841785980580587,0.003884178598058059,0.6126345257557041,0.6126345257557041,0,1,"brand, sword, steel",0,1,1,5.0,0.461,1.17e-05,1.0,0.249999999996875,0.461,0.0,0.01682581763284989,0.0,0.0,brand,a cutting or thrusting weapon that has a long metal blade and a hilt with a hand guard,i59896
it,0.07355480185891447,1,0.003340520040036091,0.003340520040036091,0.003340520040036091,0.4618494888397903,0.4618494888397903,0,0,"brand, sword, steel",4,5,22,5.25,0.4445,2.1635925e-05,5.5,0.23214285714119898,0.4445,0.2580645161273673,0.02159607663207319,0.054794520547870144,0.36363636363305785,brand,a cutting or thrusting weapon that has a long metal blade and a hilt with a hand guard,i59896
es,0.0,1,0.0030970189213901708,0.0030970189213901708,0.0030970189213901708,0.3861630039208092,0.3861630039208092,0,0,"brand, sword, steel",6,1,2,6.0,0.707,2.14e-05,2.0,0.33333333333055554,0.707,0.0769230769224852,0.02523260389368305,0.16216216216172388,0.0,brand,a cutting or thrusting weapon that has a long metal blade and a hilt with a hand guard,i59896
es,0.999999994630155,4,0.0028195299196241723,0.0028195299196241723,0.0028195299196241727,0.2922931692477603,0.2922931692477603,0,0,umbrella,0,1,1,8.0,0.734,6.03e-06,1.0,0.49999999999583333,0.734,0.0,0.005615754027931484,0.0,0.0,umbrella,a lightweight handheld collapsible canopy,i60698
it,0.0,1,0.0028043296094831366,0.0028043296094831366,0.0028043296094831366,0.2868875053699114,0.2868875053699114,0,0,umbrella,1,3,7,9.25,0.6765,1.5048000000000002e-06,2.0,0.5178571428534439,0.6765,0.03225806451592091,0.0004935185851992018,0.013698630136967536,0.18181818181652892,umbrella,a lightweight handheld collapsible canopy,i60698
nb,0.4508913950142044,2,0.0027965910847391547,0.0027965910847391547,0.002796591084739155,0.2841241990884439,0.2841241990884439,0,0,umbrella,0,1,1,7.0,0.832,2.04e-06,1.0,0.49999999999375,0.832,0.0,0.00286512204914107,0.0,0.0,umbrella,a lightweight handheld collapsible canopy,i60698
en,0.9618738437250441,4,0.002792701128499593,0.002792701128499593,0.002792701128499593,0.2827322672590772,0.2827322672590772,0,0,umbrella,1,1,3,8.0,0.856,7.76e-06,3.0,0.499999999995,0.856,0.2857142857102041,0.009697962828618357,0.0049999999999975,0.0,umbrella,a lightweight handheld collapsible canopy,i60698
nb,0.8914203607618983,4,0.004494393948687679,0.004494393948687679,0.004494393948687679,0.758553824316985,0.758553824316985,1,0,"faith, religious belief, religion",0,1,1,3.0,0.446,0.000324,1.0,0.0,0.446,0.0,0.46816383324281524,0.0,0.0,faith,a strong belief in a supernatural power or powers that control human destiny,i68078
it,0.9999999998307396,4,0.004163454363652369,0.004163454363652369,0.004163454363652369,0.6820680989414869,0.6820680989414869,1,1,"faith, religious belief, religion",16,2,16,7.0,0.594,5.235e-05,6.333333333333333,0.35714285714030614,0.594,0.3118279569872355,0.05379226788037856,0.21917808219148058,0.09090909090826446,faith,a strong belief in a supernatural power or powers that control human destiny,i68078
es,0.26054441227308367,2,0.003892027259820115,0.003892027259820115,0.0038920272598201157,0.6146531617256631,0.6146531617256631,0,1,"faith, religious belief, religion",7,3,10,5.0,0.47433333333333333,4.476666666666666e-05,3.3333333333333335,0.24999999999791667,0.47433333333333333,0.17948717948579881,0.055055661269288875,0.18918918918867786,0.4999999999875,faith,a strong belief in a supernatural power or powers that control human destiny,i68078
en,0.0,1,0.003074526801488775,0.003074526801488775,0.003074526801488775,0.3788739970838105,0.3788739970838105,0,1,"faith, religious belief, religion",26,3,7,9.666666666666666,0.6466666666666666,4.72e-05,2.3333333333333335,0.66666666666,0.6466666666666666,0.19047619047346942,0.09722374176699547,0.129999999999935,0.18181818181652892,faith,a strong belief in a supernatural power or powers that control human destiny,i68078
es,0.999999999325637,4,0.0038126675878939116,0.0038126675878939116,0.0038126675878939116,0.5940520918094536,0.5940520918094536,0,1,"theater, dramatic art, theatre",1,1,6,6.0,0.202,6.76e-05,6.0,0.33333333333055554,0.202,0.38461538461242606,0.08419802118696364,0.02702702702695398,0.0,theater,the art of writing and producing plays,i73479
nb,0.4748236128791493,2,0.003708849682137078,0.003708849682137078,0.003708849682137078,0.566444763179695,0.566444763179695,0,1,"theater, dramatic art, theatre",0,1,1,6.0,0.205,1.7e-05,1.0,0.3749999999953125,0.205,0.0,0.024485412518321602,0.0,0.0,theater,the art of writing and producing plays,i73479
en,0.10729028546513993,1,0.0032951657150511824,0.0032951657150511824,0.003295165715051183,0.4481794529349961,0.4481794529349961,0,1,"theater, dramatic art, theatre",1,5,10,8.666666666666666,0.4116666666666666,2.606666666666667e-05,2.3333333333333335,0.566666666661,0.4116666666666666,0.19047619047346942,0.050324363938284274,0.0049999999999975,0.36363636363305785,theater,the art of writing and producing plays,i73479
it,0.0,1,0.003230083035588778,0.003230083035588778,0.003230083035588778,0.42823083787840993,0.42823083787840993,0,1,"theater, dramatic art, theatre",0,2,9,10.0,0.6076666666666667,3.159666666666667e-05,3.3333333333333335,0.5714285714244898,0.6076666666666667,0.11827956989171004,0.032037476663653634,0.0,0.09090909090826446,theater,the art of writing and producing plays,i73479
it,0.9999999998101488,4,0.003957405186721645,0.003957405186721645,0.003957405186721645,0.6313115479757122,0.6313115479757122,0,1,"moving ridge, wave",10,2,8,5.0,0.476,2.4006e-05,4.0,0.21428571428418366,0.476,0.16129032257960457,0.024080520261673868,0.13698630136967535,0.09090909090826446,moving ridge,one of a series of ridges that moves across the surface of a liquid (especially across a large body of water),i75330
es,0.0,1,0.003697906158973642,0.003697906158973642,0.0036979061589736428,0.5634897498482105,0.5634897498482105,0,0,"moving ridge, wave",4,1,4,3.0,0.18,1.62e-05,4.0,0.08333333333263888,0.18,0.23076923076745562,0.018595803678854935,0.10810810810781592,0.0,moving ridge,one of a series of ridges that moves across the surface of a liquid (especially across a large body of water),i75330
nb,0.8515881143737557,4,0.0036798192438565244,0.0036798192438565244,0.003679819243856525,0.558586625818892,0.558586625818892,0,1,"moving ridge, wave",0,3,7,5.666666666666667,0.5656666666666667,7.2933333333333335e-06,2.3333333333333335,0.3333333333291667,0.5656666666666667,0.14814814814650207,0.010457273960778442,0.0,0.6666666666444444,moving ridge,one of a series of ridges that moves across the surface of a liquid (especially across a large body of water),i75330
en,0.6503051425888932,3,0.003294146138271831,0.003294146138271831,0.0032941461382718315,0.4478699891214193,0.4478699891214193,1,0,"moving ridge, wave",13,2,10,8.0,0.528,2.67e-05,5.0,0.499999999995,0.528,0.5714285714204081,0.05172986579750432,0.0649999999999675,0.09090909090826446,moving ridge,one of a series of ridges that moves across the surface of a liquid (especially across a large body of water),i75330
en,0.9999999998976068,4,0.004919930202356706,0.004919930202356706,0.004919930202356707,0.8490173372523778,0.8490173372523778,1,1,party,11,1,5,5.0,0.207,0.000309,5.0,0.199999999998,0.207,0.5714285714204081,0.6782138260993262,0.0549999999999725,0.0,party,an occasion on which people can assemble for social interaction and entertainment,i75850
nb,0.5986882867620591,3,0.00419342228589431,0.00419342228589431,0.00419342228589431,0.6892401685932298,0.6892401685932298,1,1,party,0,3,13,5.666666666666667,0.6749999999999999,4.47e-05,4.333333333333333,0.3333333333291667,0.6749999999999999,0.3703703703662551,0.06451763484427754,0.0,0.6666666666444444,party,an occasion on which people can assemble for social interaction and entertainment,i75850
it,0.5896700194187844,3,0.0041700802070855246,0.0041700802070855246,0.0041700802070855246,0.6836582633004635,0.6836582633004635,1,1,party,4,3,12,7.0,0.5706666666666667,4.88e-05,4.0,0.35714285714030614,0.5706666666666667,0.16129032257960457,0.05007096164108976,0.054794520547870144,0.18181818181652892,party,an occasion on which people can assemble for social interaction and entertainment,i75850
es,0.0,1,0.003558488482394663,0.003558488482394663,0.003558488482394663,0.5250588644674524,0.5250588644674524,1,0,party,5,1,4,6.0,0.758,9.77e-05,4.0,0.33333333333055554,0.758,0.23076923076745562,0.12261488396894947,0.1351351351347699,0.0,party,an occasion on which people can assemble for social interaction and entertainment,i75850
es,0.9999999999123041,4,0.0038777789886121176,0.0038777789886121176,0.0038777789886121176,0.6109855574833116,0.6109855574833116,1,1,breakfast,0,2,6,8.0,0.487,1.925e-05,3.0,0.49999999999583333,0.487,0.1538461538449704,0.02248854226639835,0.0,0.24999999999375,breakfast,the first meal of the day (usually in the morning),i76564
nb,0.5478580878244059,3,0.0032874209495123343,0.0032874209495123343,0.0032874209495123343,0.4458263448007179,0.4458263448007179,0,1,breakfast,0,1,1,7.0,0.871,2.51e-05,1.0,0.49999999999375,0.871,0.0,0.036191585833853845,0.0,0.0,breakfast,the first meal of the day (usually in the morning),i76564
en,0.5397333283219794,3,0.0031254710938296865,0.0031254710938296865,0.003125471093829687,0.3953080152138763,0.3953080152138763,0,1,breakfast,2,1,1,9.0,0.874,4.07e-05,1.0,0.599999999994,0.874,0.0,0.08279885426447388,0.009999999999995,0.0,breakfast,the first meal of the day (usually in the morning),i76564
it,0.0,1,0.0025661031081354903,0.0025661031081354903,0.0025661031081354907,0.1981114411856445,0.1981114411856445,0,0,breakfast,0,2,4,12.0,0.5015000000000001,3.93e-05,2.0,0.7142857142806123,0.5015000000000001,0.03225806451592091,0.04011253649369721,0.0,0.09090909090826446,breakfast,the first meal of the day (usually in the morning),i76564
nb,0.999999999915189,4,0.004167715806925452,0.004167715806925452,0.0041677158069254525,0.6830911109692054,0.6830911109692054,1,1,pastry,1,2,3,5.5,0.8415,1.13295e-05,1.5,0.31249999999609374,0.8415,0.05555555555493827,0.01629036859415795,0.199999999996,0.3333333333222222,pastry,any of various baked foods made of dough or batter,i76902
it,0.18558490250605397,1,0.0034438298482786602,0.0034438298482786602,0.0034438298482786607,0.4923071734449463,0.4923071734449463,0,0,pastry,7,1,4,5.0,0.206,3.89e-05,4.0,0.21428571428418366,0.206,0.16129032257960457,0.03969323438222805,0.09589041095877275,0.0,pastry,any of various baked foods made of dough or batter,i76902
en,0.0,1,0.003165050143288758,0.003165050143288758,0.0031650501432887584,0.40789189189351355,0.40789189189351355,0,0,pastry,17,1,2,6.0,0.636,3.39e-06,2.0,0.299999999997,0.636,0.14285714285510204,0.0,0.0849999999999575,0.0,pastry,any of various baked foods made of dough or batter,i76902
es,0.01114710836870567,1,0.0028165812063451153,0.0028165812063451153,0.0028165812063451158,0.2912468046597696,0.2912468046597696,0,0,pastry,8,2,2,8.0,0.7415,1.795e-06,1.0,0.49999999999583333,0.7415,0.0,0.00021059077604743077,0.21621621621563183,0.24999999999375,pastry,any of various baked foods made of dough or batter,i76902
en,0.9999999998492997,4,0.003999880638168934,0.003999880638168934,0.003999880638168934,0.641987513578544,0.641987513578544,0,1,"jambon, gammon, ham",2,3,7,5.0,0.418,4.522233333333333e-06,2.3333333333333335,0.199999999998,0.418,0.19047619047346942,0.00251266745537513,0.009999999999995,0.18181818181652892,jambon,meat cut from the thigh of a hog (usually smoked),i77246
es,0.14047053928324188,1,0.003373185513708683,0.003373185513708683,0.0033731855137086836,0.47158054754590556,0.47158054754590556,0,0,"jambon, gammon, ham",0,1,1,5.0,0.191,7.24e-06,1.0,0.24999999999791667,0.191,0.0,0.007160086385612642,0.0,0.0,jambon,meat cut from the thigh of a hog (usually smoked),i77246
nb,0.049833909245795255,1,0.003032607658284557,0.003032607658284557,0.0030326076582845576,0.36514585606287986,0.36514585606287986,0,0,"jambon, gammon, ham",0,1,1,6.0,0.669,4.07e-06,1.0,0.3749999999953125,0.669,0.0,0.005798891410934953,0.0,0.0,jambon,meat cut from the thigh of a hog (usually smoked),i77246
it,0.0,1,0.0027064277501070346,0.0027064277501070346,0.002706427750107035,0.2513525853062471,0.2513525853062471,0,0,"jambon, gammon, ham",0,1,2,10.0,0.764,7.59e-06,2.0,0.5714285714244898,0.764,0.03225806451592091,0.006872361606979536,0.0,0.0,jambon,meat cut from the thigh of a hog (usually smoked),i77246
es,0.9999999998421043,4,0.003877486078356572,0.003877486078356572,0.0038774860783565724,0.6109100190579566,0.6109100190579566,0,1,"bean, edible bean",1,2,9,5.5,0.1905,3.851e-06,4.5,0.29166666666423613,0.1905,0.2692307692286982,0.002834679476371779,0.02702702702695398,0.24999999999375,bean,any of various edible seeds of plants of the family Leguminosae used for food,i77610
it,0.7546018291713129,4,0.0034634571640311937,0.0034634571640311937,0.0034634571640311937,0.4979902639386979,0.4979902639386979,1,0,"bean, edible bean",0,1,4,7.0,0.811,1.51e-06,4.0,0.35714285714030614,0.811,0.16129032257960457,0.0004989695126483006,0.0,0.0,bean,any of various edible seeds of plants of the family Leguminosae used for food,i77610
nb,0.0,1,0.0032480083396894113,0.0032480083396894113,0.0032480083396894117,0.4337649832961558,0.4337649832961558,0,0,"bean, edible bean",0,1,1,5.0,0.651,5.89e-07,1.0,0.249999999996875,0.651,0.0,0.0007681272984204181,0.0,0.0,bean,any of various edible seeds of plants of the family Leguminosae used for food,i77610
en,0.007892143428764934,1,0.002944185371624778,0.002944185371624778,0.0029441853716247785,0.3355551581511711,0.3355551581511711,0,0,"bean, edible bean",3,2,5,7.5,0.5345,6.25e-06,2.5,0.4499999999955,0.5345,0.21428571428265306,0.006346950501109496,0.0149999999999925,0.09090909090826446,bean,any of various edible seeds of plants of the family Leguminosae used for food,i77610
es,0.9999999998607189,4,0.003973073994303435,0.003973073994303435,0.003973073994303436,0.6352630943105021,0.6352630943105021,0,1,cheese,4,1,1,5.0,0.199,2.82e-05,1.0,0.24999999999791667,0.199,0.0,0.03391149648230444,0.10810810810781592,0.0,cheese,a solid food prepared from the pressed curd of milk,i78427
en,0.9579864569853435,4,0.0037325452746085506,0.0037325452746085506,0.003732545274608551,0.5728133735541404,0.5728133735541404,0,1,cheese,26,1,2,6.0,0.677,3.72e-05,2.0,0.299999999997,0.677,0.14285714285510204,0.0750316071477315,0.129999999999935,0.0,cheese,a solid food prepared from the pressed curd of milk,i78427
nb,0.8784918074121669,4,0.003721754599009512,0.003721754599009512,0.0037217545990095124,0.5699182168474848,0.5699182168474848,0,1,cheese,0,2,2,5.5,0.569,1.02e-05,1.0,0.31249999999609374,0.569,0.0,0.01465800775960318,0.0,0.3333333333222222,cheese,a solid food prepared from the pressed curd of milk,i78427
it,0.0,1,0.0030633543129348455,0.0030633543129348455,0.003063354312934846,0.37523348965624614,0.37523348965624614,0,0,cheese,10,2,4,7.0,0.667,9.7775e-06,2.0,0.35714285714030614,0.667,0.03225806451592091,0.009165420029076506,0.13698630136967535,0.09090909090826446,cheese,a solid food prepared from the pressed curd of milk,i78427
nb,0.9999999998680094,4,0.0042409794190822366,0.0042409794190822366,0.0042409794190822366,0.700517230996834,0.700517230996834,0,1,beer,0,4,4,3.6666666666666665,0.5063333333333333,2.4230333333333334e-05,1.0,0.08333333333229165,0.5063333333333333,0.0,0.03493473784289814,0.0,0.9999999999666667,beer,a general name for alcoholic beverages made by fermenting a cereal (or mixture of cereals) flavored with hops,i78683
en,0.38018782549992497,2,0.0036742811329941675,0.0036742811329941675,0.0036742811329941675,0.5570804968226959,0.5570804968226959,0,0,beer,4,1,1,4.0,0.233,5.01e-05,1.0,0.099999999999,0.233,0.0,0.103659460806582,0.01999999999999,0.0,beer,a general name for alcoholic beverages made by fermenting a cereal (or mixture of cereals) flavored with hops,i78683
it,0.16387655591496533,1,0.003446141117706621,0.003446141117706621,0.0034461411177066216,0.49297808179160446,0.49297808179160446,0,0,beer,2,1,3,5.0,0.195,3.63e-05,3.0,0.21428571428418366,0.195,0.09677419354776275,0.03696777065767851,0.027397260273935072,0.0,beer,a general name for alcoholic beverages made by fermenting a cereal (or mixture of cereals) flavored with hops,i78683
es,0.0,1,0.002967321776333582,0.002967321776333582,0.0029673217763335822,0.34338278053695276,0.34338278053695276,0,0,beer,4,1,1,7.0,0.694,3.31e-05,1.0,0.41666666666319446,0.694,0.0,0.040165404377046306,0.10810810810781592,0.0,beer,a general name for alcoholic beverages made by fermenting a cereal (or mixture of cereals) flavored with hops,i78683
en,0.8829972112258784,4,0.004320090574648705,0.004320090574648705,0.004320090574648705,0.7189993617517499,0.7189993617517499,0,1,"wine, vino",24,2,3,4.0,0.1865,2.77945e-05,1.5,0.099999999999,0.1865,0.07142857142755102,0.05415879493158276,0.11999999999994,0.09090909090826446,wine,fermented juice (of grapes especially),i78715
it,0.821511139730551,4,0.004224234307974728,0.004224234307974728,0.004224234307974728,0.6965610088651328,0.6965610088651328,0,1,"wine, vino",17,1,2,4.0,0.19,6.46e-05,2.0,0.14285714285612244,0.19,0.03225806451592091,0.06663339504412158,0.23287671232844812,0.0,wine,fermented juice (of grapes especially),i78715
es,0.9999999994623496,4,0.004183996231370835,0.004183996231370835,0.004183996231370835,0.6869898193998835,0.6869898193998835,0,1,"wine, vino",7,1,1,4.0,0.197,9.12e-05,1.0,0.16666666666527777,0.197,0.0,0.1143188837004143,0.18918918918867786,0.0,wine,fermented juice (of grapes especially),i78715
nb,0.0,1,0.003871592855125451,0.003871592855125451,0.003871592855125452,0.6093890061949151,0.6093890061949151,0,1,"wine, vino",0,2,3,5.0,0.511,1.86e-05,1.5,0.249999999996875,0.511,0.05555555555493827,0.026797743049784765,0.0,0.3333333333222222,wine,fermented juice (of grapes especially),i78715
en,0.9999999998359582,4,0.003973180398251088,0.003973180398251088,0.003973180398251088,0.6352898752169274,0.6352898752169274,0,1,"java, coffee",13,2,7,5.0,0.582,4.12e-05,3.5,0.199999999998,0.582,0.3571428571377551,0.08390846099543707,0.0649999999999675,0.09090909090826446,java,a beverage consisting of an infusion of ground coffee beans,i78981
nb,0.8610793325683533,4,0.0038178284087788386,0.0038178284087788386,0.0038178284087788394,0.595404774957206,0.595404774957206,0,1,"java, coffee",0,2,2,5.0,0.6965,2.76145e-05,1.0,0.249999999996875,0.6965,0.0,0.039825557784706415,0.0,0.3333333333222222,java,a beverage consisting of an infusion of ground coffee beans,i78981
es,0.1319480965243752,1,0.003547598506271405,0.003547598506271405,0.0035475985062714058,0.5219938908284527,0.5219938908284527,0,0,"java, coffee",2,1,5,4.0,0.198,6.46e-05,5.0,0.16666666666527777,0.198,0.3076923076899408,0.08036909798610126,0.05405405405390796,0.0,java,a beverage consisting of an infusion of ground coffee beans,i78981
it,0.0,1,0.0033690071713222323,0.0033690071713222323,0.0033690071713222323,0.47034108640423644,0.47034108640423644,0,0,"java, coffee",8,1,8,5.0,0.507,6.76e-05,8.0,0.21428571428418366,0.507,0.4193548387069719,0.06977816088014029,0.10958904109574029,0.0,java,a beverage consisting of an infusion of ground coffee beans,i78981
en,0.9999999998725229,4,0.0045789271929261586,0.0045789271929261586,0.00457892719292616,0.7771877266975283,0.7771877266975283,0,1,tea,5,1,5,3.0,0.193,5.37e-05,5.0,0.0,0.193,0.5714285714204081,0.11164862926951705,0.0249999999999875,0.0,tea,a beverage made by steeping tea leaves in water,i79004
it,0.5251817945294077,3,0.004334046688101414,0.004334046688101414,0.004334046688101413,0.7222246689377376,0.7222246689377376,1,0,tea,2,2,9,2.5,0.197,9.810000000000001e-06,4.5,0.03571428571403061,0.197,0.1935483870955255,0.009199488325633375,0.027397260273935072,0.09090909090826446,tea,a beverage made by steeping tea leaves in water,i79004
nb,0.6609842612123673,3,0.004153420558621034,0.004153420558621034,0.004153420558621034,0.6796552191054508,0.6796552191054508,0,1,tea,0,2,2,4.0,0.481,2.087185e-05,1.0,0.1249999999984375,0.481,0.0,0.03008103562347512,0.0,0.3333333333222222,tea,a beverage made by steeping tea leaves in water,i79004
es,0.0,1,0.0038645915712814914,0.0038645915712814914,0.003864591571281492,0.6075789961513356,0.6075789961513356,0,0,tea,1,1,4,2.0,0.196,1.95e-05,4.0,0.0,0.196,0.23076923076745562,0.022807619199803546,0.02702702702695398,0.0,tea,a beverage made by steeping tea leaves in water,i79004
it,0.9999999998454782,4,0.004431360156084017,0.004431360156084017,0.004431360156084017,0.7444295632697968,0.7444295632697968,1,1,"family, sept, family line",4,12,66,6.0,0.5353333333333333,0.00027583333333333333,9.666666666666666,0.2857142857122449,0.5353333333333333,0.5268817204267082,0.28805985174246057,0.054794520547870144,0.999999999990909,family,people descended from a common ancestor,i79200
en,0.9706662923253097,4,0.0043139860996912254,0.0043139860996912254,0.0043139860996912254,0.717585319184167,0.717585319184167,1,1,"family, sept, family line",5,7,18,7.0,0.2996666666666667,0.00022113333333333333,3.6666666666666665,0.399999999996,0.2996666666666667,0.38095238094693873,0.48321893657806014,0.0249999999999875,0.5454545454495868,family,people descended from a common ancestor,i79200
nb,0.7147137690641668,3,0.003967948681494452,0.003967948681494452,0.003967948681494453,0.6339722496095324,0.6339722496095324,1,1,"family, sept, family line",1,3,5,6.333333333333333,0.8099999999999999,5.087066666666667e-05,1.6666666666666667,0.4166666666614583,0.8099999999999999,0.07407407407325103,0.07343552292728713,0.199999999996,0.6666666666444444,family,people descended from a common ancestor,i79200
es,0.0,1,0.003671256761286663,0.003671256761286663,0.003671256761286663,0.5562570385758172,0.5562570385758172,1,0,"family, sept, family line",3,2,8,6.5,0.19,0.000171785,4.0,0.374999999996875,0.19,0.23076923076745562,0.21717014241424584,0.08108108108086194,0.24999999999375,family,people descended from a common ancestor,i79200
it,0.9999999998095302,4,0.004081284423452885,0.004081284423452885,0.004081284423452885,0.6621347419053834,0.6621347419053834,1,1,"settlement, small town, village",0,4,17,7.666666666666667,0.6186666666666666,0.0001442,4.666666666666667,0.40476190475901364,0.6186666666666666,0.20430107526749916,0.1500745152264845,0.0,0.2727272727247934,settlement,a community of people smaller than a town,i80343
nb,0.7815224207117587,4,0.003766942004852455,0.003766942004852455,0.0037669420048524554,0.5819865263736606,0.5819865263736606,1,1,"settlement, small town, village",0,1,1,7.0,0.831,6.17e-06,1.0,0.49999999999375,0.831,0.0,0.00883382523348035,0.0,0.0,settlement,a community of people smaller than a town,i80343
es,0.0,1,0.0036457612962894096,0.0036457612962894096,0.0036457612962894096,0.5492881974500242,0.5492881974500242,1,0,"settlement, small town, village",1,1,13,6.0,0.748,0.000324,13.0,0.33333333333055554,0.748,0.9230769230698225,0.41144332408733464,0.02702702702695398,0.0,settlement,a community of people smaller than a town,i80343
en,0.8231577230286348,4,0.00362452055241916,0.00362452055241916,0.00362452055241916,0.5434450115193716,0.5434450115193716,1,1,"settlement, small town, village",1,3,11,9.0,0.7786666666666666,7e-05,3.6666666666666665,0.599999999994,0.7786666666666666,0.38095238094693873,0.14782180869891728,0.0049999999999975,0.18181818181652892,settlement,a community of people smaller than a town,i80343
it,0.9999999998575343,4,0.003594013735278843,0.003594013735278843,0.0035940137352788435,0.5349926034404952,0.5349926034404952,0,1,"culture, civilisation, civilization",0,2,16,7.0,0.792,0.00010075,8.0,0.35714285714030614,0.792,0.4193548387069719,0.10452782336814692,0.0,0.09090909090826446,culture,a particular society at a particular time and place,i80699
nb,0.9982941258806625,4,0.00356534704333749,0.00356534704333749,0.0035653470433374902,0.5269843898497123,0.5269843898497123,0,1,"culture, civilisation, civilization",0,1,3,6.0,0.881,0.000148,3.0,0.3749999999953125,0.881,0.22222222221975307,0.2138074747818677,0.0,0.0,culture,a particular society at a particular time and place,i80699
es,0.884468629300006,4,0.003128462686567853,0.003128462686567853,0.003128462686567853,0.3962647228066956,0.3962647228066956,0,1,"culture, civilisation, civilization",2,2,7,9.5,0.7304999999999999,9.39e-05,3.5,0.6249999999947917,0.7304999999999999,0.19230769230621303,0.11776491458119047,0.05405405405390796,0.24999999999375,culture,a particular society at a particular time and place,i80699
en,0.0,1,0.002575617043441987,0.002575617043441987,0.002575617043441987,0.20181212729218623,0.20181212729218623,0,0,"culture, civilisation, civilization",7,3,15,10.333333333333334,0.36966666666666664,3.9846666666666666e-05,5.0,0.733333333326,0.36966666666666664,0.5714285714204081,0.08090512544363002,0.0349999999999825,0.18181818181652892,culture,a particular society at a particular time and place,i80699
it,0.9999999998633513,4,0.0045465661198263755,0.0045465661198263755,0.004546566119826376,0.7700952424566456,0.7700952424566456,1,1,"harbour, harbor, haven",2,1,6,5.0,0.518,0.000107,6.0,0.21428571428418366,0.518,0.29032258064328825,0.11107941885985256,0.027397260273935072,0.0,harbour,a sheltered port where ships can take on or discharge cargo,i82357
nb,0.27612445046303197,2,0.0042452318148162495,0.0042452318148162495,0.0042452318148162495,0.701519420542375,0.701519420542375,0,1,"harbour, harbor, haven",0,1,2,4.0,0.203,1.51e-05,2.0,0.1249999999984375,0.203,0.11111111110987654,0.0217395200122091,0.0,0.0,harbour,a sheltered port where ships can take on or discharge cargo,i82357
en,0.0,1,0.003676158077223158,0.003676158077223158,0.0036761580772231585,0.5575911994395345,0.5575911994395345,1,0,"harbour, harbor, haven",5,4,7,6.0,0.47633333333333333,1.2383333333333334e-05,2.0,0.299999999997,0.47633333333333333,0.14285714285510204,0.019958126400924734,0.0249999999999875,0.2727272727247934,harbour,a sheltered port where ships can take on or discharge cargo,i82357
es,0.18271905049218579,1,0.0036565919661162415,0.0036565919661162415,0.0036565919661162415,0.552254550180288,0.552254550180288,0,1,"harbour, harbor, haven",2,1,2,6.0,0.778,0.000115,2.0,0.33333333333055554,0.778,0.0769230769224852,0.14469500776058916,0.05405405405390796,0.0,harbour,a sheltered port where ships can take on or discharge cargo,i82357
es,0.7194680837835423,3,0.003914683460159635,0.003914683460159635,0.003914683460159635,0.6204574664474184,0.6204574664474184,1,0,countryside,0,1,14,5.0,0.205,0.000151,14.0,0.24999999999791667,0.205,0.9999999999923077,0.19064208617093767,0.0,0.0,countryside,rural regions,i82392
nb,0.999999999911578,4,0.0034614322929655272,0.0034614322929655272,0.0034614322929655272,0.4974054542790058,0.4974054542790058,1,1,countryside,0,3,9,8.666666666666666,0.6476666666666667,0.00011853386666666668,3.0,0.7083333333244791,0.6476666666666667,0.22222222221975307,0.17122282493759838,0.0,0.6666666666444444,countryside,rural regions,i82392
it,0.6176414034784802,3,0.0034574873756841587,0.0034574873756841587,0.0034574873756841587,0.4962651266273571,0.4962651266273571,0,1,countryside,0,1,9,8.0,0.8,0.000107,9.0,0.42857142856836733,0.8,0.4838709677388137,0.11107941885985256,0.0,0.0,countryside,rural regions,i82392
en,0.0,1,0.0023737272272845167,0.0023737272272845167,0.0023737272272845167,0.12018438289897004,0.12018438289897004,0,0,countryside,0,1,1,11.0,0.862,8.32e-06,1.0,0.799999999992,0.862,0.0,0.010940722367297139,0.0,0.0,countryside,rural regions,i82392
en,0.9999999994185735,4,0.0036623485055162523,0.0036623485055162523,0.0036623485055162527,0.5538276031677708,0.5538276031677708,0,0,cave,5,1,1,4.0,0.197,1.58e-05,1.0,0.099999999999,0.197,0.0,0.027540439062506594,0.0249999999999875,0.0,cave,a geological formation consisting of an underground enclosure with access from the surface of the ground or from the sea,i85180
nb,0.2452012222789422,1,0.003501404978307284,0.003501404978307284,0.0035014049783072846,0.5088873036821272,0.5088873036821272,0,0,cave,0,1,1,4.0,0.563,4.17e-06,1.0,0.1249999999984375,0.563,0.0,0.0059434120691514,0.0,0.0,cave,a geological formation consisting of an underground enclosure with access from the surface of the ground or from the sea,i85180
it,0.0,1,0.0032879139483017747,0.0032879139483017747,0.003287913948301775,0.4459762987720443,0.4459762987720443,0,0,cave,2,2,8,5.5,0.5035000000000001,4.73e-06,4.0,0.2499999999982143,0.5035000000000001,0.16129032257960457,0.00387435150997504,0.027397260273935072,0.09090909090826446,cave,a geological formation consisting of an underground enclosure with access from the surface of the ground or from the sea,i85180
es,0.2461596428466772,1,0.003280867922079906,0.003280867922079906,0.0032808679220799066,0.44383099114476815,0.44383099114476815,0,0,cave,0,1,1,5.0,0.542,1.41e-05,1.0,0.24999999999791667,0.542,0.0,0.015915557438251272,0.0,0.0,cave,a geological formation consisting of an underground enclosure with access from the surface of the ground or from the sea,i85180
nb,0.9999999997881261,4,0.004544771674448164,0.004544771674448164,0.004544771674448165,0.7697004830841264,0.7697004830841264,0,1,lake,1,1,5,3.0,0.195,1.48e-05,5.0,0.0,0.195,0.44444444443950615,0.02130595803755976,0.199999999996,0.0,lake,a body of (usually fresh) water surrounded by land,i85647
es,0.8867146242391544,4,0.004161715004234173,0.004161715004234173,0.004161715004234173,0.6816502433119752,0.6816502433119752,0,1,lake,6,1,1,4.0,0.185,3.02e-05,1.0,0.16666666666527777,0.185,0.0,0.03646411194954602,0.16216216216172388,0.0,lake,a body of (usually fresh) water surrounded by land,i85647
it,0.7390004283211591,3,0.004106294774724959,0.004106294774724959,0.004106294774724959,0.6682441005955979,0.6682441005955979,1,0,lake,7,1,2,4.0,0.184,4.37e-05,2.0,0.14285714285612244,0.184,0.03225806451592091,0.04472485971985797,0.09589041095877275,0.0,lake,a body of (usually fresh) water surrounded by land,i85647
en,0.0,1,0.0036978428298553704,0.0036978428298553704,0.003697842829855371,0.563472624032186,0.563472624032186,0,0,lake,51,1,3,4.0,0.193,6.76e-05,3.0,0.099999999999,0.193,0.2857142857102041,0.14249569639029397,0.2549999999998725,0.0,lake,a body of (usually fresh) water surrounded by land,i85647
nb,0.9999999983713189,4,0.003898172996111183,0.003898172996111183,0.003898172996111183,0.6162309741988069,0.6162309741988069,0,1,"mountain, mount",1,1,1,5.0,0.46,4.17e-05,1.0,0.249999999996875,0.46,0.0,0.06018201509778412,0.199999999996,0.0,mountain,a land mass that projects well above its surroundings; higher than a hill,i85815
it,0.29009922976825286,2,0.0037389146866910797,0.0037389146866910797,0.00373891468669108,0.5745183719503096,0.5745183719503096,0,1,"mountain, mount",3,2,7,6.5,0.49350000000000005,5.39e-05,3.5,0.3214285714262755,0.49350000000000005,0.12903225806368365,0.05541706356232156,0.04109589041090261,0.09090909090826446,mountain,a land mass that projects well above its surroundings; higher than a hill,i85815
es,0.0,1,0.0037177732749595458,0.0037177732749595458,0.003717773274959546,0.5688479004248599,0.5688479004248599,0,1,"mountain, mount",3,2,4,6.0,0.4685,3.285e-05,2.0,0.33333333333055554,0.4685,0.0769230769224852,0.03984632744364111,0.08108108108086194,0.24999999999375,mountain,a land mass that projects well above its surroundings; higher than a hill,i85815
en,0.40304248774386675,2,0.0036911429537077375,0.0036911429537077375,0.0036911429537077375,0.5616591470056925,0.5616591470056925,0,1,"mountain, mount",5,2,7,6.5,0.491,4.1599999999999995e-05,3.5,0.3499999999965,0.491,0.3571428571377551,0.08479614638020763,0.0249999999999875,0.09090909090826446,mountain,a land mass that projects well above its surroundings; higher than a hill,i85815
nb,0.703240678433386,3,0.00519817620034167,0.00519817620034167,0.00519817620034167,0.9040308267251134,0.9040308267251134,1,1,river,0,1,1,3.0,0.194,7.24e-06,1.0,0.0,0.194,0.0,0.010380196276396336,0.0,0.0,river,a large natural stream of water (larger than a creek),i86078
es,0.9999999998637836,4,0.005035474304253781,0.005035474304253781,0.005035474304253781,0.872230716536175,0.872230716536175,1,1,river,37,1,2,3.0,0.179,0.000126,2.0,0.08333333333263888,0.179,0.0769230769224852,0.15873439283041788,0.9999999999972973,0.0,river,a large natural stream of water (larger than a creek),i86078
en,0.9040824726337291,4,0.004748164094533587,0.004748164094533587,0.004748164094533587,0.8134810302813671,0.8134810302813671,1,1,river,200,1,1,5.0,0.197,0.000107,1.0,0.199999999998,0.197,0.0,0.229932706790194,0.9999999999995001,0.0,river,a large natural stream of water (larger than a creek),i86078
it,0.0,1,0.003965107309151333,0.003965107309151333,0.003965107309151332,0.6332559121809369,0.6332559121809369,0,1,river,73,1,4,5.0,0.493,6.31e-05,4.0,0.21428571428418366,0.493,0.16129032257960457,0.06506101212611223,0.9999999999986301,0.0,river,a large natural stream of water (larger than a creek),i86078
en,0.9999999996975695,4,0.004633092416875159,0.004633092416875159,0.004633092416875159,0.7889475471204546,0.7889475471204546,0,1,sea,40,1,3,3.0,0.184,0.000115,3.0,0.0,0.184,0.2857142857102041,0.2476864144856052,0.1999999999999,0.0,sea,a division of an ocean or a large body of salt water partially enclosed by land,i86143
nb,0.07834913167390932,1,0.004548004223130719,0.004548004223130719,0.004548004223130719,0.7704114978182733,0.7704114978182733,0,1,sea,0,2,8,3.0,0.191,1.81e-05,4.0,0.0,0.191,0.3333333333296296,0.026075139758702525,0.0,0.3333333333222222,sea,a division of an ocean or a large body of salt water partially enclosed by land,i86143
it,0.11932530082480845,1,0.004157760225683285,0.004157760225683285,0.004157760225683285,0.6806995153539056,0.6806995153539056,0,1,sea,23,2,10,4.5,0.1925,0.0001075,5.0,0.17857142857015307,0.1925,0.2258064516114464,0.11160354649918901,0.3150684931502533,0.09090909090826446,sea,a division of an ocean or a large body of salt water partially enclosed by land,i86143
es,0.0,1,0.004087762395666419,0.004087762395666419,0.004087762395666419,0.6637207221830891,0.6637207221830891,0,1,sea,5,2,5,4.5,0.184,7.379999999999999e-05,2.5,0.20833333333159723,0.184,0.11538461538372781,0.09211112913541253,0.1351351351347699,0.24999999999375,sea,a division of an ocean or a large body of salt water partially enclosed by land,i86143
es,0.9999999998610327,4,0.003937322672752684,0.003937322672752684,0.003937322672752684,0.6262239610078966,0.6262239610078966,0,1,"seashore, sea-coast, coast",1,2,6,5.0,0.375,7.875e-05,3.0,0.24999999999791667,0.375,0.1538461538449704,0.09842885241683547,0.02702702702695398,0.24999999999375,seashore,the shore of a sea or ocean,i86148
it,0.7943138325699851,4,0.003809997060999287,0.003809997060999287,0.0038099970609992875,0.5933514111087039,0.5933514111087039,1,0,"seashore, sea-coast, coast",0,6,28,5.75,0.27775,4.695e-05,5.5,0.2678571428552296,0.27775,0.2580645161273673,0.0481316893755449,0.0,0.45454545454132234,seashore,the shore of a sea or ocean,i86148
nb,0.6923442549748787,3,0.003246105727547139,0.003246105727547139,0.0032461057275471393,0.43317903356474974,0.43317903356474974,0,1,"seashore, sea-coast, coast",0,3,3,7.333333333333333,0.715,1.4316e-06,1.0,0.5416666666598958,0.715,0.0,0.001985858364552204,0.0,0.6666666666444444,seashore,the shore of a sea or ocean,i86148
en,0.0,1,0.00300158256913843,0.00300158256913843,0.00300158256913843,0.3548626659845397,0.3548626659845397,0,0,"seashore, sea-coast, coast",9,4,7,7.333333333333333,0.48233333333333334,3.9977333333333334e-05,2.0,0.433333333329,0.48233333333333334,0.14285714285510204,0.08119510266932174,0.0449999999999775,0.2727272727247934,seashore,the shore of a sea or ocean,i86148
en,0.9999999995210271,4,0.004612044674747278,0.004612044674747278,0.004612044674747279,0.7843942823536597,0.7843942823536597,0,1,sun,0,2,8,3.0,0.192,9.33e-05,6.0,0.0,0.192,0.7142857142755102,0.19952948236180237,0.0,0.09090909090826446,sun,the star that is the source of light and heat for the planets in the solar system,i86272
nb,0.0,1,0.004556308329852986,0.004556308329852986,0.004556308329852986,0.7722357122170602,0.7722357122170602,0,1,sun,0,1,2,3.0,0.187,3.09e-05,2.0,0.0,0.187,0.11111111110987654,0.0445737840104078,0.0,0.0,sun,the star that is the source of light and heat for the planets in the solar system,i86272
es,0.39445180095300336,2,0.004396188038266982,0.004396188038266982,0.004396188038266982,0.7364608038442132,0.7364608038442132,0,1,sun,0,1,7,3.0,0.183,0.000123,7.0,0.08333333333263888,0.183,0.46153846153491124,0.1549054696295555,0.0,0.0,sun,the star that is the source of light and heat for the planets in the solar system,i86272
it,0.06415939472591284,1,0.004250275192944879,0.004250275192944879,0.004250275192944879,0.7027067254828548,0.7027067254828548,0,1,sun,0,2,12,4.0,0.188,0.000135,11.0,0.14285714285612244,0.188,0.6129032258024975,0.1404305666626938,0.0,0.09090909090826446,sun,the star that is the source of light and heat for the planets in the solar system,i86272
nb,0.9999999998597375,4,0.004543109230831207,0.004543109230831207,0.004543109230831207,0.769334623616374,0.769334623616374,0,1,"valley, vale",0,1,1,3.0,0.191,8.91e-06,1.0,0.0,0.191,0.0,0.012793691268611006,0.0,0.0,valley,a long depression in the surface of the land that usually contains a river,i86379
es,0.9557892267926872,4,0.003981566769309147,0.003981566769309147,0.003981566769309148,0.6373983958244236,0.6373983958244236,0,1,"valley, vale",3,1,1,5.0,0.195,4.57e-05,1.0,0.24999999999791667,0.195,0.0,0.05624688182066829,0.08108108108086194,0.0,valley,a long depression in the surface of the land that usually contains a river,i86379
en,0.15613531544921294,1,0.0034794478726730828,0.0034794478726730828,0.0034794478726730828,0.5025966172827909,0.5025966172827909,0,0,"valley, vale",12,2,2,5.0,0.19,2.8335000000000002e-05,1.0,0.199999999998,0.19,0.0,0.055358279807753985,0.05999999999997,0.09090909090826446,valley,a long depression in the surface of the land that usually contains a river,i86379
it,0.0,1,0.0033057601932629335,0.0033057601932629335,0.003305760193262934,0.4513894533064959,0.4513894533064959,0,0,"valley, vale",7,3,5,5.666666666666667,0.371,1.7729999999999998e-05,1.6666666666666667,0.2619047619028912,0.371,0.010752688171973643,0.017501670132722743,0.09589041095877275,0.18181818181652892,valley,a long depression in the surface of the land that usually contains a river,i86379
nb,0.9999999998973141,4,0.004292876273902908,0.004292876273902908,0.004292876273902908,0.7126799617608348,0.7126799617608348,0,1,"falls, waterfall",0,2,4,4.0,0.196,0.0001055,2.0,0.1249999999984375,0.196,0.11111111110987654,0.15238619503987758,0.0,0.3333333333222222,falls,a steep descent of the water of a river,i86414
en,0.08074855825842134,1,0.00303648084778338,0.00303648084778338,0.00303648084778338,0.3664222223642682,0.3664222223642682,0,0,"falls, waterfall",16,2,3,7.0,0.5245,2.3085e-05,1.5,0.399999999996,0.5245,0.07142857142755102,0.043707409132640394,0.07999999999996,0.09090909090826446,falls,a steep descent of the water of a river,i86414
it,0.0,1,0.0029723557064674274,0.0029723557064674274,0.002972355706467428,0.3450777989461729,0.3450777989461729,0,0,"falls, waterfall",1,3,12,8.333333333333334,0.3960000000000001,2.1462000000000003e-06,4.0,0.45238095237772113,0.3960000000000001,0.16129032257960457,0.0011658695209400003,0.013698630136967536,0.18181818181652892,falls,a steep descent of the water of a river,i86414
es,0.0027922784035981627,1,0.0029410664796397966,0.0029410664796397966,0.0029410664796397966,0.3344952571118335,0.3344952571118335,0,0,"falls, waterfall",9,1,2,7.0,0.766,3.63e-06,2.0,0.41666666666319446,0.766,0.0769230769224852,0.002552615467241584,0.2432432432425858,0.0,falls,a steep descent of the water of a river,i86414
nb,0.9999999999082456,4,0.004553561206679385,0.004553561206679385,0.004553561206679386,0.771632602974748,0.771632602974748,1,1,nature,0,1,10,5.0,0.206,3.89e-05,10.0,0.249999999996875,0.206,0.9999999999888889,0.05613543666772359,0.0,0.0,nature,a causal agent creating and controlling things in the universe,i86562
it,0.5746349904776707,3,0.003927224412628045,0.003927224412628045,0.0039272244126280454,0.6236559133975935,0.6236559133975935,0,1,nature,0,1,9,6.0,0.198,0.000123,9.0,0.2857142857122449,0.198,0.4838709677388137,0.12785150331861897,0.0,0.0,nature,a causal agent creating and controlling things in the universe,i86562
en,0.0,1,0.003227612901955601,0.003227612901955601,0.003227612901955601,0.4274658177295709,0.4274658177295709,0,0,nature,0,1,5,6.0,0.599,9.55e-05,5.0,0.299999999997,0.599,0.5714285714204081,0.20441175197804046,0.0,0.0,nature,a causal agent creating and controlling things in the universe,i86562
es,0.38666412959683377,2,0.003190471400987958,0.003190471400987958,0.0031904714009879584,0.41589167384519254,0.41589167384519254,0,1,nature,0,1,5,10.0,0.197,8.32e-05,5.0,0.6666666666611111,0.197,0.3076923076899408,0.10410842183144799,0.0,0.0,nature,a causal agent creating and controlling things in the universe,i86562
nb,0.9999999998450354,4,0.003531327168537458,0.003531327168537458,0.0035313271685374578,0.5173967620726512,0.5173967620726512,0,1,"fisherman, fisher",0,1,1,6.0,0.804,1.29e-05,1.0,0.3749999999953125,0.804,0.0,0.01856006553144726,0.0,0.0,fisherman,someone whose occupation is catching fish,i89974
en,0.04489030880128386,1,0.002948296445157537,0.002948296445157537,0.002948296445157537,0.3369505206919886,0.3369505206919886,0,0,"fisherman, fisher",2,2,3,7.5,0.5185,6.795e-06,1.5,0.4499999999955,0.5185,0.07142857142755102,0.007556421837859382,0.009999999999995,0.09090909090826446,fisherman,someone whose occupation is catching fish,i89974
es,0.0,1,0.0028126655390037884,0.0028126655390037884,0.0028126655390037884,0.2898556174725692,0.2898556174725692,0,0,"fisherman, fisher",0,1,1,8.0,0.761,3.63e-06,1.0,0.49999999999583333,0.761,0.0,0.002552615467241584,0.0,0.0,fisherman,someone whose occupation is catching fish,i89974
it,0.0021874896482036842,1,0.0028100737346822874,0.0028100737346822874,0.002810073734682288,0.28893371646350224,0.28893371646350224,0,0,"fisherman, fisher",1,1,2,9.0,0.773,4.07e-06,2.0,0.4999999999964286,0.773,0.03225806451592091,0.003182503026050926,0.013698630136967536,0.0,fisherman,someone whose occupation is catching fish,i89974
nb,0.9999999999173308,4,0.004487253235011992,0.004487253235011992,0.004487253235011993,0.7569637562517098,0.7569637562517098,1,1,"guest, invitee",0,1,2,5.0,0.357,1.82e-05,2.0,0.249999999996875,0.357,0.11111111110987654,0.02621966041691897,0.0,0.0,guest,a visitor to whom hospitality is extended,i90350
en,0.5013243447025826,3,0.003739336644205046,0.003739336644205046,0.003739336644205046,0.5746312211969432,0.5746312211969432,1,0,"guest, invitee",3,2,5,6.0,0.281,1.90645e-05,2.5,0.299999999997,0.281,0.21428571428265306,0.03478506140896531,0.0149999999999925,0.09090909090826446,guest,a visitor to whom hospitality is extended,i90350
it,0.44030827151384067,2,0.0034837486673726737,0.0034837486673726737,0.003483748667372674,0.5038319106489214,0.5038319106489214,1,0,"guest, invitee",0,2,8,7.0,0.763,2.4449999999999998e-05,4.0,0.35714285714030614,0.763,0.16129032257960457,0.024545945605404632,0.0,0.09090909090826446,guest,a visitor to whom hospitality is extended,i90350
es,0.0,1,0.0028837866883280583,0.0028837866883280583,0.0028837866883280588,0.3148272462236766,0.3148272462236766,0,0,"guest, invitee",1,2,5,7.5,0.7435,1.3585e-05,2.5,0.45833333332951387,0.7435,0.11538461538372781,0.015258258955436565,0.02702702702695398,0.24999999999375,guest,a visitor to whom hospitality is extended,i90350
it,0.9999999998987131,4,0.005282009539946864,0.005282009539946864,0.005282009539946865,0.9200296133589448,0.9200296133589448,1,1,"male monarch, king, rex",4,1,9,2.0,0.176,0.000182,9.0,0.0,0.176,0.4838709677388137,0.1896985647603201,0.054794520547870144,0.0,male monarch,a male sovereign; ruler of a kingdom,i90847
es,0.698594120123099,3,0.004581666719332157,0.004581666719332157,0.004581666719332158,0.7777858378055869,0.7777858378055869,1,1,"male monarch, king, rex",9,2,6,5.0,0.188,9.097e-05,3.0,0.24999999999791667,0.188,0.1538461538449704,0.11402533292168154,0.2432432432425858,0.24999999999375,male monarch,a male sovereign; ruler of a kingdom,i90847
nb,0.6396945227499312,3,0.004509082472951008,0.004509082472951008,0.004509082472951008,0.761816683374293,0.761816683374293,1,1,"male monarch, king, rex",0,1,3,5.0,0.334,4.37e-05,3.0,0.249999999996875,0.334,0.22222222221975307,0.06307242826211307,0.0,0.0,male monarch,a male sovereign; ruler of a kingdom,i90847
en,0.0,1,0.0036277736735584164,0.0036277736735584164,0.003627773673558417,0.544342140415712,0.544342140415712,1,0,"male monarch, king, rex",79,3,12,6.333333333333333,0.5086666666666667,5.345666666666666e-05,4.0,0.33333333333,0.5086666666666667,0.4285714285653061,0.11110862066044827,0.3949999999998025,0.18181818181652892,male monarch,a male sovereign; ruler of a kingdom,i90847
nb,0.9999999998467901,4,0.00378498004436971,0.00378498004436971,0.0037849800443697105,0.5867636079438291,0.5867636079438291,0,1,prince,0,1,1,5.0,0.786,1.58e-05,1.0,0.249999999996875,0.786,0.0,0.022751164619724235,0.0,0.0,prince,a male member of a royal family other than the sovereign (especially the son of a sovereign),i92240
en,0.17124497887989365,1,0.0031727545735501465,0.0031727545735501465,0.0031727545735501465,0.4103231545785302,0.4103231545785302,0,0,prince,14,1,1,6.0,0.715,5.25e-05,1.0,0.299999999997,0.715,0.0,0.10898557311520538,0.069999999999965,0.0,prince,a male member of a royal family other than the sovereign (especially the son of a sovereign),i92240
it,0.025501546513774533,1,0.0029142218377773074,0.0029142218377773074,0.0029142218377773074,0.3253258265065531,0.3253258265065531,0,0,prince,11,1,2,8.0,0.855,5.62e-05,2.0,0.42857142856836733,0.855,0.03225806451592091,0.057828050703269226,0.1506849315066429,0.0,prince,a male member of a royal family other than the sovereign (especially the son of a sovereign),i92240
es,0.0,1,0.002810064426791155,0.002810064426791155,0.002810064426791155,0.28893040412815924,0.28893040412815924,0,0,prince,1,1,1,8.0,0.821,4.17e-05,1.0,0.49999999999583333,0.821,0.0,0.051141650886185115,0.02702702702695398,0.0,prince,a male member of a royal family other than the sovereign (especially the son of a sovereign),i92240
it,0.9999999997236217,4,0.003724232844787538,0.003724232844787538,0.0037242328447875386,0.5705838762749931,0.5705838762749931,0,0,saint,4,3,6,3.3333333333333335,0.19633333333333333,0.0001935333333333333,2.0,0.09523809523741497,0.19633333333333333,0.03225806451592091,0.20178844230768087,0.054794520547870144,0.18181818181652892,saint,a person who has died and has been declared a saint by canonization,i92688
en,0.3590620679707667,2,0.0034732897328867383,0.0034732897328867383,0.0034732897328867383,0.5008251880282901,0.5008251880282901,0,0,saint,45,1,3,5.0,0.206,2.57e-05,3.0,0.199999999998,0.206,0.2857142857102041,0.04951065233557793,0.2249999999998875,0.0,saint,a person who has died and has been declared a saint by canonization,i92688
es,0.40069769071302686,2,0.0033938525144561827,0.0033938525144561827,0.003393852514456183,0.4776887044434639,0.4776887044434639,0,0,saint,13,1,3,5.0,0.201,7.41e-05,3.0,0.24999999999791667,0.201,0.1538461538449704,0.09249402145549877,0.35135135135040174,0.0,saint,a person who has died and has been declared a saint by canonization,i92688
nb,0.0,1,0.0030267792349539654,0.0030267792349539654,0.0030267792349539654,0.3632220887805429,0.3632220887805429,0,0,saint,0,1,1,6.0,0.75,4.37e-05,1.0,0.3749999999953125,0.75,0.0,0.06307242826211307,0.0,0.0,saint,a person who has died and has been declared a saint by canonization,i92688
en,0.9999999993988864,4,0.003859671989127625,0.003859671989127625,0.003859671989127626,0.6063051963177107,0.6063051963177107,0,0,fog,4,1,3,3.0,0.199,7.94e-06,3.0,0.0,0.199,0.2857142857102041,0.01009742125176511,0.01999999999999,0.0,fog,droplets of water vapor suspended in the air near the ground,i97801
nb,0.45434216215010476,2,0.003492542447110757,0.003492542447110757,0.0034925424471107572,0.5063529592265439,0.5063529592265439,0,0,fog,1,1,2,4.0,0.598,6.76e-06,2.0,0.1249999999984375,0.598,0.11111111110987654,0.009686497116957389,0.199999999996,0.0,fog,droplets of water vapor suspended in the air near the ground,i97801
it,0.0,1,0.0031072358810055956,0.0031072358810055956,0.0031072358810055956,0.389456540107325,0.389456540107325,0,0,fog,2,2,8,7.0,0.48750000000000004,5.8830499999999995e-06,4.0,0.35714285714030614,0.48750000000000004,0.16129032257960457,0.005083042259048828,0.027397260273935072,0.09090909090826446,fog,droplets of water vapor suspended in the air near the ground,i97801
es,0.03567578251456022,1,0.0031005523900038056,0.0031005523900038056,0.003100552390003806,0.3873032793025539,0.3873032793025539,0,0,fog,0,1,1,6.0,0.676,8.13e-06,1.0,0.33333333333055554,0.676,0.0,0.008296000268535147,0.0,0.0,fog,droplets of water vapor suspended in the air near the ground,i97801
nb,0.999999999862297,4,0.003918580632036961,0.003918580632036961,0.003918580632036961,0.6214524979318677,0.6214524979318677,0,1,"violent storm, storm",0,2,2,4.5,0.771,1.3145e-05,1.0,0.18749999999765626,0.771,0.0,0.018914141144077554,0.0,0.3333333333222222,violent storm,a violent weather condition with winds 64-72 knots (11 on the Beaufort scale) and precipitation and thunder and lightning,i97824
it,0.08575105424545282,1,0.0029682626840174813,0.0029682626840174813,0.0029682626840174813,0.34369982014714306,0.34369982014714306,0,0,"violent storm, storm",5,7,28,7.666666666666667,0.743,1.4113333333333334e-05,4.666666666666667,0.40476190475901364,0.743,0.20430107526749916,0.01371048020818909,0.06849315068483768,0.5454545454495868,violent storm,a violent weather condition with winds 64-72 knots (11 on the Beaufort scale) and precipitation and thunder and lightning,i97824
en,0.05212223174161874,1,0.0026618094512238805,0.0026618094512238805,0.002661809451223881,0.2347291297146327,0.2347291297146327,0,0,"violent storm, storm",8,2,4,9.0,0.8345,3.17e-05,2.0,0.599999999994,0.8345,0.14285714285510204,0.0628259331071363,0.03999999999998,0.09090909090826446,violent storm,a violent weather condition with winds 64-72 knots (11 on the Beaufort scale) and precipitation and thunder and lightning,i97824
es,0.0,1,0.002284869438691501,0.002284869438691501,0.0022848694386915012,0.08203187764713378,0.08203187764713378,0,0,"violent storm, storm",4,2,4,12.5,0.8425,1.8e-05,2.0,0.8749999999927084,0.8425,0.0769230769224852,0.02089315759937236,0.10810810810781592,0.24999999999375,violent storm,a violent weather condition with winds 64-72 knots (11 on the Beaufort scale) and precipitation and thunder and lightning,i97824
it,0.9999999989940814,4,0.004370521451137523,0.004370521451137523,0.004370521451137523,0.7306053205535625,0.7306053205535625,1,1,"rain, rainfall",7,2,15,6.0,0.5375,0.00011525,7.5,0.2857142857122449,0.5375,0.387096774191051,0.11972752490890398,0.09589041095877275,0.09090909090826446,rain,water falling in drops from vapor condensed in the atmosphere,i98034
es,0.5553884176182639,3,0.0043578455713685444,0.0043578455713685444,0.0043578455713685444,0.7277007935904483,0.7277007935904483,1,1,"rain, rainfall",3,1,3,6.0,0.186,4.07e-05,3.0,0.33333333333055554,0.186,0.1538461538449704,0.04986534315256433,0.08108108108086194,0.0,rain,water falling in drops from vapor condensed in the atmosphere,i98034
en,0.5580704142834219,3,0.004334795233910312,0.004334795233910312,0.004334795233910311,0.7223973669330391,0.7223973669330391,1,1,"rain, rainfall",5,2,4,6.0,0.48050000000000004,2.8955e-05,2.0,0.299999999997,0.48050000000000004,0.14285714285510204,0.05673419215414834,0.0249999999999875,0.09090909090826446,rain,water falling in drops from vapor condensed in the atmosphere,i98034
nb,0.0,1,0.0042832626001861555,0.0042832626001861555,0.004283262600186156,0.7104380023232071,0.7104380023232071,1,1,"rain, rainfall",1,2,2,5.5,0.506,1.256e-05,1.0,0.31249999999609374,0.506,0.0,0.018068695293511336,0.199999999996,0.3333333333222222,rain,water falling in drops from vapor condensed in the atmosphere,i98034
nb,0.9999999998762806,4,0.004450878292870698,0.004450878292870698,0.004450878292870698,0.7488244392494954,0.7488244392494954,0,1,"snowfall, snow",0,1,1,3.0,0.486,3.8e-05,1.0,0.0,0.486,0.0,0.05483475074377557,0.0,0.0,snowfall,precipitation falling from clouds in the form of ice crystals,i98073
en,0.7999279275263064,4,0.0038715604483835196,0.0038715604483835196,0.0038715604483835196,0.6093806357699314,0.6093806357699314,0,1,"snowfall, snow",2,2,5,6.0,0.196,2.368e-05,2.5,0.299999999997,0.196,0.21428571428265306,0.0450278411424866,0.009999999999995,0.09090909090826446,snowfall,precipitation falling from clouds in the form of ice crystals,i98073
es,0.0583814625790174,1,0.0033745612529126117,0.0033745612529126117,0.0033745612529126117,0.4719883100985241,0.4719883100985241,0,0,"snowfall, snow",0,1,4,5.0,0.208,2.45e-05,4.0,0.24999999999791667,0.208,0.23076923076745562,0.029189157867907507,0.0,0.0,snowfall,precipitation falling from clouds in the form of ice crystals,i98073
it,0.0,1,0.0033084254110325034,0.0033084254110325034,0.003308425411032504,0.4521953629296222,0.4521953629296222,0,0,"snowfall, snow",2,2,5,6.0,0.1995,1.503e-05,2.5,0.2857142857122449,0.1995,0.06451612903184183,0.014671380880305913,0.027397260273935072,0.09090909090826446,snowfall,precipitation falling from clouds in the form of ice crystals,i98073
nb,0.999999999918897,4,0.005314767564717473,0.005314767564717473,0.005314767564717474,0.9262122722552656,0.9262122722552656,1,1,"weather, conditions, weather condition",2,1,1,3.0,0.186,0.000191,1.0,0.0,0.186,0.0,0.2759513578149401,0.399999999992,0.0,weather,the atmospheric conditions that comprise the state of the atmosphere in terms of temperature and wind and clouds and precipitation,i98170
it,0.882554586194241,4,0.004883979680525323,0.004883979680525323,0.004883979680525323,0.8416833891848581,0.8416833891848581,1,1,"weather, conditions, weather condition",13,1,17,5.0,0.524,0.000955,17.0,0.21428571428418366,0.524,0.9999999999935484,0.9999998951744721,0.17808219178057796,0.0,weather,the atmospheric conditions that comprise the state of the atmosphere in terms of temperature and wind and clouds and precipitation,i98170
en,0.08566461664656301,1,0.0028239164389017683,0.0028239164389017683,0.0028239164389017688,0.2938477229308495,0.2938477229308495,0,1,"weather, conditions, weather condition",11,4,6,11.333333333333334,0.632,6.873333333333333e-05,1.6666666666666667,0.833333333325,0.632,0.09523809523673471,0.1450108049804772,0.0549999999999725,0.2727272727247934,weather,the atmospheric conditions that comprise the state of the atmosphere in terms of temperature and wind and clouds and precipitation,i98170
es,0.0,1,0.002695392517839126,0.002695392517839126,0.0026953925178391266,0.24726683381071896,0.24726683381071896,1,0,"weather, conditions, weather condition",6,4,9,12.666666666666666,0.8109999999999999,0.00035673,2.6666666666666665,0.8888888888814814,0.8109999999999999,0.128205128204142,0.45321687620874307,0.16216216216172388,0.74999999998125,weather,the atmospheric conditions that comprise the state of the atmosphere in terms of temperature and wind and clouds and precipitation,i98170
