Language,basicness_score_experimental,basicness_rank,basicness_score,word_in_children_res,word_in_second_lang_learn_res,en_lemmas,n_hyponyms,n_synonyms,n_syn_senses,avg_word_length,avg_word_frequency,avg_n_senses,normalized_length,normalized_n_senses,normalized_frequency,normalized_n_hyponyms,normalized_n_synonyms,normalized_n_syn_senses,example_en_lemma,example_en_gloss,ili
nb,0.8706329687283245,4,0.4705707807955356,1,1,"rose, rosebush",0,1,1,4.0,2.19e-05,1.0,0.12499999999998437,0.0,0.0315669292873802,0.0,0.0,0.0,rose,any of many shrubs of the genus Rosa that bear roses,i103203
en,0.3394522479686465,2,0.10244534466665149,0,0,"rose, rosebush",11,2,4,6.0,3.307945e-05,2.0,0.29999999999997,0.14285714285712245,0.06588724159275816,0.05499999999999973,0.09090909090908264,0.14285714285713608,rose,any of many shrubs of the genus Rosa that bear roses,i103203
it,0.3338300909859916,2,0.10398467870987138,0,0,"rose, rosebush",5,2,10,5.0,3.30699e-05,5.0,0.21428571428569898,0.22580645161288865,0.03358180476706528,0.06849315068493057,0.09090909090908264,0.12499999999999806,rose,any of many shrubs of the genus Rosa that bear roses,i103203
es,0.3325489366851496,2,0.1612175439854218,0,0,"rose, rosebush",0,1,5,4.0,5.13e-05,5.0,0.16666666666665278,0.307692307692284,0.06339421313908665,0.0,0.0,0.2857142857142653,rose,any of many shrubs of the genus Rosa that bear roses,i103203
nb,0.6911616120540289,4,0.045659853186982055,0,0,wood,0,1,2,3.0,0.000692,2.0,0.0,0.11111111111109877,0.9999999985547933,0.0,0.0,0.08333333333332639,wood,the hard fibrous lignified substance under the bark of trees,i116549
en,0.3182039867358829,2,0.641666861344071,0,1,wood,91,1,8,4.0,6.03e-05,8.0,0.09999999999999,0.9999999999998571,0.12629546586561446,0.45499999999999774,0.0,0.3333333333333175,wood,the hard fibrous lignified substance under the bark of trees,i116549
es,0.2903051970558556,2,0.17117052046136624,0,0,wood,12,1,3,6.0,4.9e-05,3.0,0.33333333333330556,0.153846153846142,0.06045870498084426,0.3243243243243155,0.0,0.14285714285713266,wood,the hard fibrous lignified substance under the bark of trees,i116549
it,0.2563795567160606,2,0.16773646808334902,0,0,wood,44,2,5,6.0,2.5725e-05,2.5,0.2857142857142653,0.0645161290322539,0.025882473771725117,0.602739726027389,0.09090909090908264,0.04687499999999927,wood,the hard fibrous lignified substance under the bark of trees,i116549
nb,0.6270138149536357,4,0.23710306916677817,0,1,midnight,0,1,1,7.0,1.35e-05,1.0,0.4999999999999375,0.0,0.01942719226030025,0.0,0.0,0.0,midnight,12 o'clock at night; the middle of the night,i116927
en,0.3864519196508655,3,0.0031841453115312324,0,0,midnight,0,1,1,8.0,2.04e-05,1.0,0.49999999999995,0.0,0.03774882928086632,0.0,0.0,0.0,midnight,12 o'clock at night; the middle of the night,i116927
es,0.34095082995907,3,0.0010151098824645597,0,0,midnight,0,1,1,10.0,7.59e-06,1.0,0.6666666666666111,0.0,0.007606795053532444,0.0,0.0,0.0,midnight,12 o'clock at night; the middle of the night,i116927
it,0.3393364276993747,2,0.018638891805573522,0,0,midnight,0,1,3,10.0,1.78e-05,3.0,0.5714285714285307,0.09677419354838085,0.017575049826120584,0.0,0.0,0.015624999999999757,midnight,12 o'clock at night; the middle of the night,i116927
nb,0.4077634797733322,3,0.0001568509524412219,0,0,"break of day, morning, first light",0,1,1,6.0,1.29e-06,1.0,0.37499999999995315,0.0,0.0017812173673661935,0.0,0.0,0.0,break of day,the first light of day,i116932
en,0.39803507465674637,3,0.9999999999997705,1,1,"break of day, morning, first light",0,12,21,10.0,0.00017533333333333333,2.0,0.69999999999993,0.14285714285712245,0.38157904385556085,0.0,0.9999999999999091,0.9523809523809071,break of day,the first light of day,i116932
es,0.2989621243267396,2,0.14641679805518648,0,0,"break of day, morning, first light",0,2,4,6.0,1.91e-05,2.0,0.33333333333330556,0.076923076923071,0.02229709892369325,0.0,0.2499999999999375,0.21428571428569898,break of day,the first light of day,i116932
it,0.19508176760172824,2,0.24968231587570996,0,0,"break of day, morning, first light",0,7,26,5.333333333333333,1.0616666666666668e-05,5.666666666666667,0.23809523809522107,0.26881720430105793,0.01004508195954739,0.0,0.5454545454544959,0.37499999999999417,break of day,the first light of day,i116932
it,0.33400383415012225,2,0.02554824790630625,0,0,"dusk, fall, twilight",0,2,4,9.5,1.034e-06,2.0,0.5357142857142474,0.03225806451612695,0.0,0.0,0.09090909090908264,0.031249999999999514,dusk,the time of day immediately following sunset,i116935
nb,0.32082130082462745,2,0.0,0,0,"dusk, fall, twilight",0,1,1,9.0,5.75e-08,1.0,0.7499999999999063,0.0,0.0,0.0,0.0,0.0,dusk,the time of day immediately following sunset,i116935
en,0.18461493664171064,2,0.7732882063538064,0,1,"dusk, fall, twilight",1,9,22,5.333333333333333,4.812e-05,5.333333333333333,0.23333333333330997,0.6190476190475306,0.0992654399607966,0.004999999999999975,0.7272727272726611,0.9999999999999525,dusk,the time of day immediately following sunset,i116935
es,0.16798415159675187,2,0.25674516947591103,0,0,"dusk, fall, twilight",1,3,6,9.666666666666666,1.6299999999999999e-06,2.0,0.6388888888888355,0.076923076923071,0.0,0.027027027027026296,0.499999999999875,0.3571428571428316,dusk,the time of day immediately following sunset,i116935
en,0.7277776977516576,4,0.46166280199931753,0,1,"time of year, season",8,2,4,9.0,0.000454,2.0,0.59999999999994,0.14285714285712245,0.9999999977807861,0.0399999999999998,0.09090909090908264,0.14285714285713608,time of year,one of the natural periods into which the year is divided by the equinoxes and solstices or atmospheric conditions,i117307
it,0.5700862939252556,4,0.31217255899575286,0,1,"time of year, season",11,1,5,8.0,0.000129,5.0,0.42857142857139796,0.22580645161288865,0.13414104891144857,0.15068493150684725,0.0,0.04687499999999927,time of year,one of the natural periods into which the year is divided by the equinoxes and solstices or atmospheric conditions,i117307
es,0.5370645529080137,4,0.3934158715049827,0,1,"time of year, season",5,1,3,8.0,6.46e-05,3.0,0.4999999999999583,0.153846153846142,0.08036910814109698,0.13513513513513148,0.0,0.14285714285713266,time of year,one of the natural periods into which the year is divided by the equinoxes and solstices or atmospheric conditions,i117307
nb,0.20202224163303703,2,0.2349363201408173,0,0,"time of year, season",5,1,1,6.0,9.55e-07,1.0,0.37499999999995315,0.0,0.0012970730930719342,0.9999999999997999,0.0,0.0,time of year,one of the natural periods into which the year is divided by the equinoxes and solstices or atmospheric conditions,i117307
es,0.8551716179842602,4,0.5443731594346134,1,1,"summertime, summer",0,1,1,6.0,8.71e-05,1.0,0.33333333333330556,0.0,0.10908603577607684,0.0,0.0,0.0,summertime,the warmest season of the year; in the northern hemisphere it extends from the summer solstice to the autumnal equinox,i117310
nb,0.8547469408936987,4,0.4826176550968258,1,1,"summertime, summer",0,1,1,6.0,0.000102,1.0,0.37499999999995315,0.0,0.14732799308132108,0.0,0.0,0.0,summertime,the warmest season of the year; in the northern hemisphere it extends from the summer solstice to the autumnal equinox,i117310
it,0.8523915750850507,4,0.4357343446580564,1,1,"summertime, summer",0,1,2,6.0,6.92e-05,2.0,0.2857142857142653,0.03225806451612695,0.07145537674146103,0.0,0.0,0.0,summertime,the warmest season of the year; in the northern hemisphere it extends from the summer solstice to the autumnal equinox,i117310
en,0.8062006627806866,4,0.5379696075912994,1,1,"summertime, summer",0,2,3,8.0,8.589e-05,1.5,0.49999999999995,0.07142857142856122,0.18308515083312588,0.0,0.09090909090908264,0.09523809523809071,summertime,the warmest season of the year; in the northern hemisphere it extends from the summer solstice to the autumnal equinox,i117310
nb,0.37616624539375465,3,0.9999999999997652,1,1,"festivity, celebration",1,3,13,5.666666666666667,4.47e-05,4.333333333333333,0.3333333333332917,0.37037037037032916,0.06451764407516862,0.19999999999996,0.6666666666664445,0.9999999999999166,festivity,any joyous diversion,i37653
it,0.2983201383259259,2,0.05911640526827512,0,0,"festivity, celebration",3,2,7,9.75,5.961749999999999e-06,3.0,0.5535714285713891,0.09677419354838085,0.005165540485546087,0.04109589041095835,0.09090909090908264,0.07812499999999879,festivity,any joyous diversion,i37653
en,0.2502791312424955,2,0.09564838019875532,0,0,"festivity, celebration",7,2,4,10.0,9.923499999999999e-06,2.0,0.69999999999993,0.14285714285712245,0.014499234339008822,0.03499999999999982,0.09090909090908264,0.14285714285713608,festivity,any joyous diversion,i37653
es,0.2148123114067682,2,0.19853247843311983,0,0,"festivity, celebration",3,2,5,9.0,1.6795e-05,2.5,0.5833333333332847,0.11538461538460651,0.019355209225976427,0.08108108108107888,0.2499999999999375,0.2857142857142653,festivity,any joyous diversion,i37653
nb,0.8567995084623686,4,0.5035710970376502,1,1,"soccer, association football",0,1,1,7.0,0.0002,1.0,0.4999999999999375,0.0,0.2889582583972537,0.0,0.0,0.0,soccer,a football game in which two teams of 11 players try to kick or head a ball into the opponents' goal,i37904
es,0.8406416520014149,4,0.5872313946069619,1,1,"soccer, association football",0,1,2,6.0,0.000115,2.0,0.33333333333330556,0.076923076923071,0.14469502604345186,0.0,0.0,0.07142857142856633,soccer,a football game in which two teams of 11 players try to kick or head a ball into the opponents' goal,i37904
it,0.7547929427683466,4,0.5525556369539744,1,1,"soccer, association football",0,3,14,7.0,5.36e-05,4.666666666666667,0.3571428571428316,0.20430107526880403,0.055102592697116475,0.0,0.18181818181816528,0.18749999999999709,soccer,a football game in which two teams of 11 players try to kick or head a ball into the opponents' goal,i37904
en,0.2593607825230539,2,0.05112351946169266,0,0,"soccer, association football",0,2,2,13.0,4.36e-05,1.0,0.9999999999999,0.0,0.08923459290909082,0.0,0.09090909090908264,0.047619047619045354,soccer,a football game in which two teams of 11 players try to kick or head a ball into the opponents' goal,i37904
it,0.6391782452772782,4,0.2787132451061758,0,1,"athletics, sport",20,1,2,5.0,8.91e-05,2.0,0.21428571428569898,0.03225806451612695,0.09231565895187495,0.2739726027397223,0.0,0.0,athletics,an active diversion requiring physical exertion and competition,i38140
es,0.5693560095433957,4,0.37141074888166103,0,1,"athletics, sport",8,1,2,7.0,4.9e-05,2.0,0.41666666666663194,0.076923076923071,0.06045870498084426,0.21621621621621037,0.0,0.07142857142856633,athletics,an active diversion requiring physical exertion and competition,i38140
nb,0.534775089046594,4,0.38465513590296574,0,1,"athletics, sport",1,2,2,5.5,4.7449999999999995e-05,1.0,0.3124999999999609,0.0,0.06849196274474835,0.19999999999996,0.33333333333322224,0.08333333333332639,athletics,an active diversion requiring physical exertion and competition,i38140
en,0.37016434687145827,3,0.5071135734445056,0,1,"athletics, sport",20,2,10,7.0,3.0155e-05,5.0,0.39999999999996,0.5714285714284898,0.05939726135816502,0.0999999999999995,0.09090909090908264,0.4285714285714082,athletics,an active diversion requiring physical exertion and competition,i38140
nb,0.6675427902739541,4,0.2809673554330149,0,1,"squealer, pig, hog",0,1,2,4.0,1.15e-05,2.0,0.12499999999998437,0.11111111111109877,0.016536778682424074,0.0,0.0,0.08333333333332639,squealer,domestic swine,i48199
it,0.5697165864996955,4,0.29587412730903073,0,1,"squealer, pig, hog",0,3,10,6.5,6.48675e-06,3.0,0.32142857142854847,0.09677419354838085,0.005715874563961531,0.0,0.18181818181816528,0.12499999999999806,squealer,domestic swine,i48199
es,0.4949222941725655,4,0.8075737221376561,0,1,"squealer, pig, hog",1,5,10,4.666666666666667,0.00078514,2.6666666666666665,0.22222222222220372,0.12820512820511834,0.9999999987236922,0.027027027027026296,0.99999999999975,0.6428571428570969,squealer,domestic swine,i48199
en,0.1711567575211222,2,0.324089034666432,0,0,"squealer, pig, hog",1,5,15,4.666666666666667,5.855233333333334e-06,3.6666666666666665,0.16666666666665003,0.38095238095232653,0.005470880202087068,0.004999999999999975,0.36363636363633056,0.666666666666635,squealer,domestic swine,i48199
nb,0.8525335114662957,4,0.517477805855884,1,1,fish,0,1,2,4.0,5.13e-05,2.0,0.12499999999998437,0.11111111111109877,0.07405600888215999,0.0,0.0,0.08333333333332639,fish,any of various mostly cold-blooded aquatic vertebrates usually having scales and breathing through gills,i48880
en,0.8072522536130728,4,0.6077778494332511,1,1,fish,13,1,4,4.0,7.94e-05,4.0,0.09999999999999,0.4285714285713673,0.16868245230091997,0.06499999999999968,0.0,0.14285714285713608,fish,any of various mostly cold-blooded aquatic vertebrates usually having scales and breathing through gills,i48880
it,0.6256305885948177,4,0.27799471028074746,1,0,fish,3,1,5,5.0,4.07e-05,5.0,0.21428571428569898,0.22580645161288865,0.041580098198908455,0.04109589041095835,0.0,0.04687499999999927,fish,any of various mostly cold-blooded aquatic vertebrates usually having scales and breathing through gills,i48880
es,0.5778941970226428,4,0.39742380432219454,1,0,fish,2,2,3,4.5,7.7734e-06,1.5,0.20833333333331597,0.0384615384615355,0.007840869921454902,0.05405405405405259,0.2499999999999375,0.14285714285713266,fish,any of various mostly cold-blooded aquatic vertebrates usually having scales and breathing through gills,i48880
en,0.8436771331299336,4,0.5338363808236094,1,1,boat,26,1,2,4.0,5.13e-05,2.0,0.09999999999999,0.14285714285712245,0.10632254032018255,0.12999999999999937,0.0,0.047619047619045354,boat,a small vessel for travel on water,i50885
nb,0.8418851266943178,4,0.5635730450507871,1,1,boat,2,1,1,3.0,5.01e-05,1.0,0.0,0.0,0.07232176073543428,0.39999999999992,0.0,0.0,boat,a small vessel for travel on water,i50885
it,0.5066923949721831,4,0.3489434047984977,1,0,boat,19,3,9,6.666666666666667,8.995666666666666e-06,3.0,0.33333333333330956,0.09677419354838085,0.008345859976477993,0.26027397260273616,0.18181818181816528,0.1093749999999983,boat,a small vessel for travel on water,i50885
es,0.47411223661871243,4,0.9999999999997324,1,1,boat,8,3,12,6.666666666666667,1.5689999999999997e-05,4.0,0.3888888888888565,0.23076923076921302,0.01794488900212519,0.21621621621621037,0.499999999999875,0.7857142857142296,boat,a small vessel for travel on water,i50885
nb,0.7173055858180426,4,0.23646983249536063,0,1,"passenger vehicle, bus, coach",0,1,1,4.0,3.89e-05,1.0,0.12499999999998437,0.0,0.05613544469932769,0.0,0.0,0.0,passenger vehicle,a vehicle carrying many passengers; used for public transport,i51285
es,0.634885943632918,4,0.28428177053936,0,1,"passenger vehicle, bus, coach",2,1,1,7.0,2.04e-05,1.0,0.41666666666663194,0.0,0.023956299187047645,0.05405405405405259,0.0,0.0,passenger vehicle,a vehicle carrying many passengers; used for public transport,i51285
it,0.2502689398473165,2,0.14340011526839058,0,0,"passenger vehicle, bus, coach",3,7,9,7.75,1.0059725e-05,1.5,0.4107142857142564,0.0,0.009461264856964226,0.04109589041095835,0.5454545454544959,0.1093749999999983,passenger vehicle,a vehicle carrying many passengers; used for public transport,i51285
en,0.1998993622129919,2,0.696833989433287,0,1,"passenger vehicle, bus, coach",3,10,18,8.333333333333334,5.856666666666666e-05,3.3333333333333335,0.53333333333328,0.33333333333328574,0.1224488283531609,0.014999999999999925,0.8181818181817438,0.809523809523771,passenger vehicle,a vehicle carrying many passengers; used for public transport,i51285
es,0.5921346042445731,4,0.30966427730636775,0,1,cathedral,0,1,2,8.0,1.82e-05,2.0,0.4999999999999583,0.076923076923071,0.021148421818294055,0.0,0.0,0.07142857142856633,cathedral,any large and important church,i51645
it,0.38163780074739506,3,0.01662662300408423,0,0,cathedral,0,2,3,7.5,1.705e-05,1.5,0.3928571428571148,0.0,0.016788858285527095,0.0,0.09090909090908264,0.015624999999999757,cathedral,any large and important church,i51645
nb,0.348970939024749,3,0.00021051327964558854,0,0,cathedral,0,1,1,8.0,1.05e-06,1.0,0.6249999999999218,0.0,0.0014343677380210525,0.0,0.0,0.0,cathedral,any large and important church,i51645
en,0.31295989730095647,2,0.046810939954985184,0,0,cathedral,2,1,2,9.0,9.77e-06,2.0,0.59999999999994,0.14285714285712245,0.014158584997761734,0.00999999999999995,0.0,0.047619047619045354,cathedral,any large and important church,i51645
it,0.6606256923627334,4,0.27400632817362286,0,1,"church, church building",4,1,4,6.0,0.000191,4.0,0.2857142857142653,0.16129032258063475,0.1991328829338437,0.05479452054794446,0.0,0.031249999999999514,church,a place for public (especially Christian) worship,i51914
es,0.5556656802668907,4,0.4264361697250856,0,1,"church, church building",3,1,4,7.0,0.000132,4.0,0.41666666666663194,0.23076923076921302,0.16639226025654777,0.08108108108107888,0.0,0.21428571428569898,church,a place for public (especially Christian) worship,i51914
en,0.4936993983439262,4,0.39009352046198115,0,1,"church, church building",5,2,5,10.5,0.000114,2.5,0.749999999999925,0.21428571428568366,0.24546725495335822,0.024999999999999876,0.09090909090908264,0.19047619047618142,church,a place for public (especially Christian) worship,i51914
nb,0.34147909748581057,3,0.484248605711067,0,1,"church, church building",1,3,3,8.333333333333334,3.0011833333333333e-05,1.0,0.6666666666665834,0.0,0.04329020589144781,0.19999999999996,0.6666666666664445,0.16666666666665278,church,a place for public (especially Christian) worship,i51914
nb,0.8546200049008092,4,0.47089498185139284,1,1,"diadem, crown",0,1,1,5.0,1.48e-05,1.0,0.24999999999996875,0.0,0.021305961085919766,0.0,0.0,0.0,diadem,an ornamental jeweled headdress signifying sovereignty,i52549
it,0.27769169073678823,2,0.13284041678279557,0,0,"diadem, crown",1,2,14,6.5,1.2896e-05,7.0,0.32142857142854847,0.35483870967739645,0.012434405406026623,0.013698630136986115,0.09090909090908264,0.18749999999999709,diadem,an ornamental jeweled headdress signifying sovereignty,i52549
es,0.2612424521679861,2,0.20124610345962216,0,0,"diadem, crown",0,1,6,6.0,2.95e-05,6.0,0.33333333333330556,0.38461538461535505,0.03557070103052839,0.0,0.0,0.3571428571428316,diadem,an ornamental jeweled headdress signifying sovereignty,i52549
en,0.15842091285981613,2,0.33421942422158235,0,0,"diadem, crown",1,2,13,5.5,1.82725e-05,6.5,0.249999999999975,0.7857142857141735,0.03302745160332116,0.004999999999999975,0.09090909090908264,0.5714285714285443,diadem,an ornamental jeweled headdress signifying sovereignty,i52549
en,0.7215567352086525,4,0.24595712664915972,0,1,farm,13,1,1,4.0,5.62e-05,1.0,0.09999999999999,0.0,0.11719668867269548,0.06499999999999968,0.0,0.0,farm,workplace consisting of farm buildings and cultivated land as a unit,i53601
nb,0.29105713994140886,2,0.5352971275303324,0,1,farm,1,3,5,8.0,6.159566666666667e-06,1.6666666666666667,0.6249999999999218,0.07407407407406585,0.008818748173219478,0.19999999999996,0.6666666666664445,0.33333333333330556,farm,workplace consisting of farm buildings and cultivated land as a unit,i53601
it,0.23396782058965482,2,0.1423722447508747,0,0,farm,9,4,12,9.0,6.7666666666666665e-06,3.6666666666666665,0.4999999999999643,0.1397849462365501,0.006009298717834145,0.12328767123287503,0.27272727272724795,0.15624999999999759,farm,workplace consisting of farm buildings and cultivated land as a unit,i53601
es,0.07112270706254994,1,0.567448443886516,0,0,farm,4,4,15,7.666666666666667,1.5083333333333333e-05,4.333333333333333,0.4722222222221829,0.2564102564102367,0.017170595545893143,0.10810810810810519,0.7499999999998125,0.9999999999999286,farm,workplace consisting of farm buildings and cultivated land as a unit,i53601
nb,0.6833031555485507,4,0.23593713314842876,0,1,guitar,0,1,1,5.0,1.32e-05,1.0,0.24999999999996875,0.0,0.018993630223618826,0.0,0.0,0.0,guitar,a stringed instrument usually having six strings; played by strumming or plucking,i54496
es,0.5857152643045749,4,0.31696212506562593,0,1,guitar,1,1,2,8.0,1.86e-05,2.0,0.4999999999999583,0.076923076923071,0.021658944976249258,0.027027027027026296,0.0,0.07142857142856633,guitar,a stringed instrument usually having six strings; played by strumming or plucking,i54496
en,0.432783644364966,4,0.009833775676413107,0,0,guitar,6,1,1,6.0,3.02e-05,1.0,0.29999999999997,0.0,0.05949712598589218,0.02999999999999985,0.0,0.0,guitar,a stringed instrument usually having six strings; played by strumming or plucking,i54496
it,0.3847845483123145,3,0.006825366198952649,0,0,guitar,2,1,2,8.0,1.91e-05,2.0,0.42857142857139796,0.03225806451612695,0.018937781829815967,0.02739726027397223,0.0,0.0,guitar,a stringed instrument usually having six strings; played by strumming or plucking,i54496
nb,0.5007524102165497,4,0.0,0,0,"inn, lodge, hostel",0,1,1,3.0,2.14e-06,1.0,0.0,0.0,0.0030096431379635687,0.0,0.0,0.0,inn,a hotel providing overnight lodging for travelers,i54942
it,0.40114087246394575,3,0.002295618167336429,0,0,"inn, lodge, hostel",1,1,2,7.0,3.31e-06,2.0,0.3571428571428316,0.03225806451612695,0.002385829261854375,0.013698630136986115,0.0,0.0,inn,a hotel providing overnight lodging for travelers,i54942
es,0.2547242090315538,2,0.6965279020393448,0,1,"inn, lodge, hostel",1,5,8,7.666666666666667,3.6666666666666666e-06,2.0,0.4722222222221829,0.076923076923071,0.002599413745921881,0.027027027027026296,0.99999999999975,0.4999999999999643,inn,a hotel providing overnight lodging for travelers,i54942
en,0.2141298039573314,2,0.26221042782345005,0,0,"inn, lodge, hostel",4,5,11,4.666666666666667,8.796666666666667e-06,3.0,0.16666666666665003,0.2857142857142449,0.011998550086922431,0.0199999999999999,0.36363636363633056,0.47619047619045357,inn,a hotel providing overnight lodging for travelers,i54942
nb,0.679849859360811,4,0.23500302686776461,0,1,"boiler, kettle",0,1,1,5.0,2.19e-06,1.0,0.24999999999996875,0.0,0.003081903477410474,0.0,0.0,0.0,boiler,a metal pot for stewing or boiling; usually has a lid,i55356
es,0.3982135278388809,3,7.681605052282269e-05,0,0,"boiler, kettle",0,1,1,7.0,4.57e-06,1.0,0.41666666666663194,0.0,0.0037523452109707025,0.0,0.0,0.0,boiler,a metal pot for stewing or boiling; usually has a lid,i55356
it,0.33685651263600563,2,0.04637347635248973,0,0,"boiler, kettle",0,2,6,8.0,2.389e-06,3.0,0.42857142857139796,0.09677419354838085,0.0014203860500055703,0.0,0.09090909090908264,0.06249999999999903,boiler,a metal pot for stewing or boiling; usually has a lid,i55356
en,0.28542694428736654,2,0.1412155067842359,0,0,"boiler, kettle",1,2,6,6.0,4.2999999999999995e-06,3.0,0.29999999999997,0.2857142857142449,0.002019484694038114,0.004999999999999975,0.09090909090908264,0.23809523809522679,boiler,a metal pot for stewing or boiling; usually has a lid,i55356
en,0.5234095040744208,4,0.4011927113902237,0,1,"horse, knight",0,2,7,5.5,3.83e-05,3.5,0.249999999999975,0.35714285714280614,0.07747275897678091,0.0,0.09090909090908264,0.28571428571427215,horse,a chessman shaped to resemble the head of a horse; can move two squares horizontally and one vertically (or vice versa),i55427
nb,0.5226990854719774,4,0.36716453664214815,0,1,"horse, knight",0,2,3,6.0,1.4874999999999999e-05,1.5,0.37499999999995315,0.055555555555549384,0.02141435159509012,0.0,0.33333333333322224,0.16666666666665278,horse,a chessman shaped to resemble the head of a horse; can move two squares horizontally and one vertically (or vice versa),i55427
it,0.32253808589744715,2,0.08944052415597463,0,0,"horse, knight",0,1,7,7.0,4.68e-05,7.0,0.3571428571428316,0.35483870967739645,0.047974456062402165,0.0,0.0,0.07812499999999879,horse,a chessman shaped to resemble the head of a horse; can move two squares horizontally and one vertically (or vice versa),i55427
es,0.1960955134238289,2,0.282372672533635,0,0,"horse, knight",0,1,8,7.0,3.63e-05,8.0,0.41666666666663194,0.538461538461497,0.04424959471576674,0.0,0.0,0.4999999999999643,horse,a chessman shaped to resemble the head of a horse; can move two squares horizontally and one vertically (or vice versa),i55427
es,0.4809778176925265,4,0.40749608442902313,0,1,"memorial, monument",8,1,3,9.0,1.74e-05,3.0,0.5833333333332847,0.153846153846142,0.020127375502383662,0.21621621621621037,0.0,0.14285714285713266,memorial,a structure erected to commemorate persons or events,i56131
nb,0.26931736891234515,2,0.0004488121911637938,0,0,"memorial, monument",0,1,1,11.0,1.38e-06,1.0,0.999999999999875,0.0,0.0019112859783706215,0.0,0.0,0.0,memorial,a structure erected to commemorate persons or events,i56131
en,0.24141918282846284,2,0.15711881517396065,0,0,"memorial, monument",12,2,6,8.0,1.682e-05,3.0,0.49999999999995,0.2857142857142449,0.029804043341683403,0.0599999999999997,0.09090909090908264,0.23809523809522679,memorial,a structure erected to commemorate persons or events,i56131
it,0.21968568054665072,2,0.05439427855130006,0,0,"memorial, monument",9,2,4,16.0,1.077e-05,2.0,0.9999999999999286,0.03225806451612695,0.010205814452290947,0.12328767123287503,0.09090909090908264,0.031249999999999514,memorial,a structure erected to commemorate persons or events,i56131
es,0.4797057866535273,4,0.4064807823140091,0,1,monastery,3,2,3,9.0,1.3000000000000001e-05,1.5,0.5833333333332847,0.0384615384615355,0.014511620764876491,0.08108108108107888,0.2499999999999375,0.14285714285713266,monastery,the residence of a religious community,i56337
en,0.350326751103875,3,0.0037724937037142124,0,0,monastery,4,1,1,9.0,4.47e-06,1.0,0.59999999999994,0.0,0.00239675106545183,0.0199999999999999,0.0,0.0,monastery,the residence of a religious community,i56337
nb,0.2916371581132343,2,0.09344596473668626,0,0,monastery,1,1,2,7.0,4.9e-06,2.0,0.4999999999999375,0.11111111111109877,0.006998413875432693,0.19999999999996,0.0,0.08333333333332639,monastery,the residence of a religious community,i56337
it,0.2849972540781916,2,0.09491306284720964,0,0,monastery,2,2,10,8.5,1.4e-05,5.0,0.4642857142856811,0.22580645161288865,0.01359167935378024,0.02739726027397223,0.09090909090908264,0.12499999999999806,monastery,the residence of a religious community,i56337
nb,0.37768383308007836,3,7.152148906447605e-05,0,0,mosaic,0,1,1,7.0,4.79e-07,1.0,0.4999999999999375,0.0,0.0006091546615374043,0.0,0.0,0.0,mosaic,art consisting of a design made of small pieces of colored stone or glass,i56381
it,0.35305021801801,3,0.046370644940260594,0,0,mosaic,0,2,6,7.0,2.625e-06,3.0,0.3571428571428316,0.09677419354838085,0.001667774321445655,0.0,0.09090909090908264,0.06249999999999903,mosaic,art consisting of a design made of small pieces of colored stone or glass,i56381
es,0.2972783114135678,2,0.11886743276208725,0,0,mosaic,0,1,4,7.0,2.75e-06,4.0,0.41666666666663194,0.23076923076921302,0.0014294648422745531,0.0,0.0,0.21428571428569898,mosaic,art consisting of a design made of small pieces of colored stone or glass,i56381
en,0.22244559264200026,2,0.21748433002906326,0,0,mosaic,0,1,6,6.0,3.8e-06,6.0,0.29999999999997,0.7142857142856123,0.0009098777192918981,0.0,0.0,0.23809523809522679,mosaic,art consisting of a design made of small pieces of colored stone or glass,i56381
nb,0.6530570731097258,4,0.23548291230373253,0,1,"picture, painting",0,1,1,6.0,5.25e-06,1.0,0.37499999999995315,0.0,0.007504236251561023,0.0,0.0,0.0,picture,graphic art consisting of an artistic composition made by applying paints to a surface,i56911
it,0.5363984473986966,4,0.33263347540733296,0,1,"picture, painting",16,2,8,6.5,3.195e-05,4.0,0.32142857142854847,0.16129032258063475,0.03240786355865108,0.21917808219177784,0.09090909090908264,0.09374999999999854,picture,graphic art consisting of an artistic composition made by applying paints to a surface,i56911
en,0.5173272079509307,4,0.8596971766224181,1,1,"picture, painting",20,2,14,7.5,8.74e-05,7.0,0.449999999999955,0.8571428571427346,0.18643616389685944,0.0999999999999995,0.09090909090908264,0.6190476190475896,picture,graphic art consisting of an artistic composition made by applying paints to a surface,i56911
es,0.35093461093793116,3,0.614163644060987,0,1,"picture, painting",3,2,10,6.5,3.43e-05,5.0,0.37499999999996875,0.307692307692284,0.04169697892599075,0.08108108108107888,0.2499999999999375,0.6428571428570969,picture,graphic art consisting of an artistic composition made by applying paints to a surface,i56911
nb,0.5942051695746252,4,0.2357580112696774,0,1,"terrace, patio",0,1,1,8.0,4.47e-06,1.0,0.6249999999999218,0.0,0.006376974956189316,0.0,0.0,0.0,terrace,usually paved outdoor area adjoining a residence,i57055
es,0.40892849160860795,3,0.041344958977048867,0,0,"terrace, patio",0,1,2,5.0,2.51e-05,2.0,0.24999999999997916,0.076923076923071,0.029954946293021215,0.0,0.0,0.07142857142856633,terrace,usually paved outdoor area adjoining a residence,i57055
it,0.3405752247866339,3,0.05917256916176132,0,0,"terrace, patio",0,3,7,7.0,5.557e-06,2.25,0.3571428571428316,0.048387096774190425,0.0047412591174724695,0.0,0.18181818181816528,0.07812499999999879,terrace,usually paved outdoor area adjoining a residence,i57055
en,0.3367808233487334,2,0.08670614177973741,0,0,"terrace, patio",1,2,4,6.0,5.17e-06,2.0,0.29999999999997,0.14285714285712245,0.003950200830096533,0.004999999999999975,0.09090909090908264,0.14285714285713608,terrace,usually paved outdoor area adjoining a residence,i57055
es,0.535027521663089,4,0.3441008205303547,0,1,sculpture,5,1,2,9.0,7.24e-06,2.0,0.5833333333332847,0.076923076923071,0.007160087290321646,0.13513513513513148,0.0,0.07142857142856633,sculpture,a three-dimensional work of plastic art,i58585
it,0.3450315161195691,3,0.041039198212236276,0,0,sculpture,8,1,3,8.0,1.02e-05,3.0,0.42857142857139796,0.09677419354838085,0.009608308881439896,0.10958904109588892,0.0,0.015624999999999757,sculpture,a three-dimensional work of plastic art,i58585
en,0.30480175544912996,2,0.05440026230839236,0,0,sculpture,9,1,2,9.0,8.32e-06,2.0,0.59999999999994,0.14285714285712245,0.010940724770997704,0.044999999999999776,0.0,0.047619047619045354,sculpture,a three-dimensional work of plastic art,i58585
nb,0.26450490877725563,2,0.09426873759808653,0,0,sculpture,2,1,1,8.0,1.66e-06,1.0,0.6249999999999218,0.0,0.0023159438792732866,0.39999999999992,0.0,0.0,sculpture,a three-dimensional work of plastic art,i58585
nb,0.7485905805101942,4,0.23482210210450244,0,1,ski,0,1,1,3.0,6.31e-05,1.0,0.0,0.0,0.09110944899162944,0.0,0.0,0.0,ski,narrow wood or metal or plastic runners used in pairs for gliding over snow,i58996
en,0.5043589528227713,4,0.0,0,0,ski,1,1,1,3.0,1.35e-05,1.0,0.0,0.0,0.022436253029368514,0.004999999999999975,0.0,0.0,ski,narrow wood or metal or plastic runners used in pairs for gliding over snow,i58996
it,0.43392426093642006,4,0.03692847444850119,0,0,ski,1,1,4,3.0,1.23e-05,4.0,0.07142857142856633,0.16129032258063475,0.011809645195101665,0.013698630136986115,0.0,0.031249999999999514,ski,narrow wood or metal or plastic runners used in pairs for gliding over snow,i58996
es,0.269433542794096,2,0.00032774848223070973,0,0,ski,0,1,1,14.0,3.59e-06,1.0,0.9999999999999166,0.0,0.0025015634739804678,0.0,0.0,0.0,ski,narrow wood or metal or plastic runners used in pairs for gliding over snow,i58996
it,0.4230360927310823,4,0.003429542136863563,0,0,statue,1,1,2,6.0,2.14e-05,2.0,0.2857142857142653,0.03225806451612695,0.02134876922096933,0.013698630136986115,0.0,0.0,statue,a sculpture representing a human or animal,i59503
en,0.4218394507679022,3,0.008246299493655155,0,0,statue,7,1,1,6.0,1.23e-05,1.0,0.29999999999997,0.0,0.019773196289977597,0.03499999999999982,0.0,0.0,statue,a sculpture representing a human or animal,i59503
nb,0.23779672467639992,2,0.09817180864432729,0,0,statue,0,2,2,9.0,1.35115e-06,1.0,0.7499999999999063,0.0,0.0018695917625097577,0.0,0.33333333333322224,0.08333333333332639,statue,a sculpture representing a human or animal,i59503
es,0.13453055663885133,2,0.4133706399567181,0,0,statue,0,2,13,6.5,3.59e-05,6.5,0.37499999999996875,0.42307692307689054,0.043739071557811544,0.0,0.2499999999999375,0.8571428571427959,statue,a sculpture representing a human or animal,i59503
nb,0.6828338552259726,4,0.23580987071237097,0,1,"steel, sword, brand",0,1,1,5.0,1.17e-05,1.0,0.24999999999996875,0.0,0.016825820040211693,0.0,0.0,0.0,steel,a cutting or thrusting weapon that has a long metal blade and a hilt with a hand guard,i59896
en,0.3530950973435975,3,0.5778180723968444,0,1,"steel, sword, brand",8,4,19,5.0,4.743333333333333e-05,3.3333333333333335,0.19999999999998,0.33333333333328574,0.09774157971547846,0.0399999999999998,0.27272727272724795,0.8571428571428164,steel,a cutting or thrusting weapon that has a long metal blade and a hilt with a hand guard,i59896
es,0.35009661895158806,3,0.0849690248031556,0,0,"steel, sword, brand",6,1,2,6.0,2.14e-05,2.0,0.33333333333330556,0.076923076923071,0.025232607081935636,0.16216216216215776,0.0,0.07142857142856633,steel,a cutting or thrusting weapon that has a long metal blade and a hilt with a hand guard,i59896
it,0.23155667039812453,2,0.20697197420519936,0,0,"steel, sword, brand",4,5,22,5.25,2.1635925e-05,5.5,0.23214285714284055,0.2580645161290156,0.021596078873255358,0.05479452054794446,0.36363636363633056,0.31249999999999517,steel,a cutting or thrusting weapon that has a long metal blade and a hilt with a hand guard,i59896
es,0.3788612967355026,3,0.00040968560278838726,0,0,umbrella,0,1,1,8.0,6.03e-06,1.0,0.4999999999999583,0.0,0.005615754737507173,0.0,0.0,0.0,umbrella,a lightweight handheld collapsible canopy,i60698
nb,0.3782142190737032,3,0.0003363970393127491,0,0,umbrella,0,1,1,7.0,2.04e-06,1.0,0.4999999999999375,0.0,0.0028651224590697604,0.0,0.0,0.0,umbrella,a lightweight handheld collapsible canopy,i60698
it,0.3050713487400631,2,0.05833672019104868,0,0,umbrella,1,3,7,9.25,1.5048000000000002e-06,2.0,0.5178571428571058,0.03225806451612695,0.0004935186364152199,0.013698630136986115,0.18181818181816528,0.07812499999999879,umbrella,a lightweight handheld collapsible canopy,i60698
en,0.2939545567757895,2,0.08854049950146915,0,0,umbrella,1,1,3,8.0,7.76e-06,3.0,0.49999999999995,0.2857142857142449,0.009697964959281942,0.004999999999999975,0.0,0.09523809523809071,umbrella,a lightweight handheld collapsible canopy,i60698
nb,0.8127781474834593,4,0.23482210210450244,1,0,"faith, religious belief, religion",0,1,1,3.0,0.000324,1.0,0.0,0.0,0.4681639002255767,0.0,0.0,0.0,faith,a strong belief in a supernatural power or powers that control human destiny,i68078
it,0.7018209744251322,4,0.6101593041780161,1,1,"faith, religious belief, religion",16,2,16,7.0,5.235e-05,6.333333333333333,0.3571428571428316,0.31182795698922716,0.053792273462793985,0.21917808219177784,0.09090909090908264,0.2187499999999966,faith,a strong belief in a supernatural power or powers that control human destiny,i68078
en,0.4115766107096107,3,0.4240713479442443,0,1,"faith, religious belief, religion",26,3,7,9.666666666666666,4.72e-05,2.3333333333333335,0.6666666666665999,0.1904761904761633,0.09722376312726358,0.12999999999999937,0.18181818181816528,0.28571428571427215,faith,a strong belief in a supernatural power or powers that control human destiny,i68078
es,0.3303775746422747,2,0.6751604363546739,0,1,"faith, religious belief, religion",7,3,10,5.0,4.476666666666666e-05,3.3333333333333335,0.24999999999997916,0.1794871794871657,0.055055668225818415,0.18918918918918406,0.499999999999875,0.6428571428570969,faith,a strong belief in a supernatural power or powers that control human destiny,i68078
nb,0.6568944929827777,4,0.2369782459274115,0,1,"dramatic art, theatre, theater",0,1,1,6.0,1.7e-05,1.0,0.37499999999995315,0.0,0.02448541602158356,0.0,0.0,0.0,dramatic art,the art of writing and producing plays,i73479
it,0.5354517232928374,4,0.28105954621648477,0,1,"dramatic art, theatre, theater",0,2,9,10.0,3.159666666666667e-05,3.3333333333333335,0.5714285714285307,0.11827956989246549,0.03203747998841593,0.0,0.09090909090908264,0.1093749999999983,dramatic art,the art of writing and producing plays,i73479
es,0.49551997732159586,4,0.48030548212329416,0,1,"dramatic art, theatre, theater",1,1,6,6.0,6.76e-05,6.0,0.33333333333330556,0.38461538461535505,0.08419803182576097,0.027027027027026296,0.0,0.3571428571428316,dramatic art,the art of writing and producing plays,i73479
en,0.37659494694851814,3,0.46156589736356307,0,1,"dramatic art, theatre, theater",1,5,10,8.666666666666666,2.6066666666666662e-05,2.3333333333333335,0.5666666666666099,0.1904761904761633,0.05032437499465677,0.004999999999999975,0.36363636363633056,0.4285714285714082,dramatic art,the art of writing and producing plays,i73479
it,0.58099495025981,4,0.31373711068035526,0,1,"moving ridge, wave",10,2,8,5.0,2.4006e-05,4.0,0.21428571428569898,0.16129032258063475,0.02408052276068484,0.13698630136986115,0.09090909090908264,0.09374999999999854,moving ridge,one of a series of ridges that moves across the surface of a liquid (especially across a large body of water),i75330
en,0.35338813859634877,3,0.49956448613453464,1,0,"moving ridge, wave",13,2,10,8.0,2.67e-05,5.0,0.49999999999995,0.5714285714284898,0.05172987716266866,0.06499999999999968,0.09090909090908264,0.4285714285714082,moving ridge,one of a series of ridges that moves across the surface of a liquid (especially across a large body of water),i75330
es,0.35025908207770823,3,0.14804090005399834,0,0,"moving ridge, wave",4,1,4,3.0,1.62e-05,4.0,0.08333333333332639,0.23076923076921302,0.018595806028518073,0.10810810810810519,0.0,0.21428571428569898,moving ridge,one of a series of ridges that moves across the surface of a liquid (especially across a large body of water),i75330
nb,0.34576870713941604,3,0.544388213932423,0,1,"moving ridge, wave",0,3,7,5.666666666666667,7.2933333333333335e-06,2.3333333333333335,0.3333333333332917,0.1481481481481317,0.01045727545695785,0.0,0.6666666666664445,0.4999999999999583,moving ridge,one of a series of ridges that moves across the surface of a liquid (especially across a large body of water),i75330
en,0.8404136710750573,4,0.6764551858317552,1,1,party,11,1,5,5.0,0.000309,5.0,0.19999999999998,0.5714285714284898,0.678213975104383,0.05499999999999973,0.0,0.19047619047618142,party,an occasion on which people can assemble for social interaction and entertainment,i75850
it,0.7574546721095713,4,0.5479609549798539,1,1,party,4,3,12,7.0,4.88e-05,4.0,0.3571428571428316,0.16129032258063475,0.05007096683731814,0.05479452054794446,0.18181818181816528,0.15624999999999759,party,an occasion on which people can assemble for social interaction and entertainment,i75850
es,0.5520832561994646,4,0.43328283276919427,1,0,party,5,1,4,6.0,9.77e-05,4.0,0.33333333333330556,0.23076923076921302,0.12261489946188957,0.13513513513513148,0.0,0.21428571428569898,party,an occasion on which people can assemble for social interaction and entertainment,i75850
nb,0.4241273627734075,4,0.953035579578874,1,1,party,0,3,13,5.666666666666667,4.47e-05,4.333333333333333,0.3333333333332917,0.37037037037032916,0.06451764407516862,0.0,0.6666666666664445,0.9999999999999166,party,an occasion on which people can assemble for social interaction and entertainment,i75850
es,0.6816792103030304,4,0.7412142891591418,1,1,breakfast,0,2,6,8.0,1.925e-05,3.0,0.4999999999999583,0.153846153846142,0.02248854510792645,0.0,0.2499999999999375,0.3571428571428316,breakfast,the first meal of the day (usually in the morning),i76564
nb,0.6309260408564131,4,0.23907139484447196,0,1,breakfast,0,1,1,7.0,2.51e-05,1.0,0.4999999999999375,0.0,0.03619159101198208,0.0,0.0,0.0,breakfast,the first meal of the day (usually in the morning),i76564
en,0.6160459976656423,4,0.24204640772521632,0,1,breakfast,2,1,1,9.0,4.07e-05,1.0,0.59999999999994,0.0,0.08279887245556275,0.00999999999999995,0.0,0.0,breakfast,the first meal of the day (usually in the morning),i76564
it,0.3039432201622078,2,0.03173949478404229,0,0,breakfast,0,2,4,12.0,3.93e-05,2.0,0.7142857142856632,0.03225806451612695,0.04011254065646728,0.0,0.09090909090908264,0.031249999999999514,breakfast,the first meal of the day (usually in the morning),i76564
nb,0.7207600466156239,4,0.6482607665039581,1,1,pastry,1,2,3,5.5,1.13295e-05,1.5,0.3124999999999609,0.055555555555549384,0.01629037092491013,0.19999999999996,0.33333333333322224,0.16666666666665278,pastry,any of various baked foods made of dough or batter,i76902
it,0.3862688800769938,3,0.056344621742755646,0,0,pastry,7,1,4,5.0,3.89e-05,4.0,0.21428571428569898,0.16129032258063475,0.03969323850148408,0.0958904109589028,0.0,0.031249999999999514,pastry,any of various baked foods made of dough or batter,i76902
en,0.35997418510504786,3,0.0620736453468674,0,0,pastry,17,1,2,6.0,3.39e-06,2.0,0.29999999999997,0.14285714285712245,0.0,0.08499999999999958,0.0,0.047619047619045354,pastry,any of various baked foods made of dough or batter,i76902
es,0.2616453706819262,2,0.14350350127980463,0,0,pastry,8,2,2,8.0,1.795e-06,1.0,0.4999999999999583,0.0,0.00021059080265651913,0.21621621621621037,0.2499999999999375,0.07142857142856633,pastry,any of various baked foods made of dough or batter,i76902
en,0.5335753991239438,4,0.3817718800193162,0,1,"gammon, ham, jambon",2,3,7,5.0,4.522233333333334e-06,2.3333333333333335,0.19999999999998,0.1904761904761633,0.002512668007413652,0.00999999999999995,0.18181818181816528,0.28571428571427215,gammon,meat cut from the thigh of a hog (usually smoked),i77246
es,0.43958661802072446,4,0.00013741537926860494,0,0,"gammon, ham, jambon",0,1,1,5.0,7.24e-06,1.0,0.24999999999997916,0.0,0.007160087290321646,0.0,0.0,0.0,gammon,meat cut from the thigh of a hog (usually smoked),i77246
nb,0.4087340761931566,3,0.0005106405246818686,0,0,"gammon, ham, jambon",0,1,1,6.0,4.07e-06,1.0,0.37499999999995315,0.0,0.00579889224061408,0.0,0.0,0.0,gammon,meat cut from the thigh of a hog (usually smoked),i77246
it,0.35507287550236777,3,0.0,0,0,"gammon, ham, jambon",0,1,2,10.0,7.59e-06,2.0,0.5714285714285307,0.03225806451612695,0.0068723623201745535,0.0,0.0,0.0,gammon,meat cut from the thigh of a hog (usually smoked),i77246
it,0.6108331777775072,4,0.24991030572892975,1,0,"bean, edible bean",0,1,4,7.0,1.51e-06,4.0,0.3571428571428316,0.16129032258063475,0.000498969564430001,0.0,0.0,0.031249999999999514,bean,any of various edible seeds of plants of the family Leguminosae used for food,i77610
nb,0.43801257046993447,4,4.50933231764757e-05,0,0,"bean, edible bean",0,1,1,5.0,5.89e-07,1.0,0.24999999999996875,0.0,0.000768127408320594,0.0,0.0,0.0,bean,any of various edible seeds of plants of the family Leguminosae used for food,i77610
es,0.3997472475059892,3,0.5663480935210479,0,1,"bean, edible bean",1,2,9,5.5,3.851e-06,4.5,0.29166666666664237,0.2692307692307485,0.0028346798345462347,0.027027027027026296,0.2499999999999375,0.5714285714285307,bean,any of various edible seeds of plants of the family Leguminosae used for food,i77610
en,0.27801605383711,2,0.11670577099726696,0,0,"bean, edible bean",3,2,5,7.5,6.25e-06,2.5,0.449999999999955,0.21428571428568366,0.006346951895548364,0.014999999999999925,0.09090909090908264,0.19047619047618142,bean,any of various edible seeds of plants of the family Leguminosae used for food,i77610
es,0.6628014154521054,4,0.2983386156886535,0,1,cheese,4,1,1,5.0,2.82e-05,1.0,0.24999999999997916,0.0,0.033911500767173995,0.10810810810810519,0.0,0.0,cheese,a solid food prepared from the pressed curd of milk,i78427
en,0.6117217815119014,4,0.3070645452459145,0,1,cheese,26,1,2,6.0,3.72e-05,2.0,0.29999999999997,0.14285714285712245,0.07503162363233923,0.12999999999999937,0.0,0.047619047619045354,cheese,a solid food prepared from the pressed curd of milk,i78427
nb,0.5708919825521311,4,0.33374027736278084,0,1,cheese,0,2,2,5.5,1.02e-05,1.0,0.3124999999999609,0.0,0.014658009856804561,0.0,0.33333333333322224,0.08333333333332639,cheese,a solid food prepared from the pressed curd of milk,i78427
it,0.34538650279184435,3,0.05585635322762451,0,0,cheese,10,2,4,7.0,9.7775e-06,2.0,0.3571428571428316,0.03225806451612695,0.009165420980238898,0.13698630136986115,0.09090909090908264,0.031249999999999514,cheese,a solid food prepared from the pressed curd of milk,i78427
en,0.49591496179114347,4,0.0058214250928864284,0,0,beer,4,1,1,4.0,5.01e-05,1.0,0.09999999999999,0.0,0.10365948358079163,0.0199999999999999,0.0,0.0,beer,a general name for alcoholic beverages made by fermenting a cereal (or mixture of cereals) flavored with hops,i78683
nb,0.425949007644164,4,0.5290333505475848,0,1,beer,0,4,4,3.6666666666666665,2.4230333333333334e-05,1.0,0.08333333333332289,0.0,0.03493474284120225,0.0,0.9999999999996666,0.24999999999997916,beer,a general name for alcoholic beverages made by fermenting a cereal (or mixture of cereals) flavored with hops,i78683
it,0.42137915276027993,3,0.024100682233967875,0,0,beer,2,1,3,5.0,3.63e-05,3.0,0.21428571428569898,0.09677419354838085,0.036967774494093324,0.02739726027397223,0.0,0.015624999999999757,beer,a general name for alcoholic beverages made by fermenting a cereal (or mixture of cereals) flavored with hops,i78683
es,0.38116428307618155,3,0.03305353135498609,0,0,beer,4,1,1,7.0,3.31e-05,1.0,0.41666666666663194,0.0,0.040165409452125156,0.10810810810810519,0.0,0.0,beer,a general name for alcoholic beverages made by fermenting a cereal (or mixture of cereals) flavored with hops,i78683
es,0.6810199506644932,4,0.3228561383515097,0,1,"wine, vino",7,1,1,4.0,9.12e-05,1.0,0.16666666666665278,0.0,0.1143188981451176,0.18918918918918406,0.0,0.0,wine,fermented juice (of grapes especially),i78715
it,0.658955150291105,4,0.2676153525420007,0,1,"wine, vino",17,1,2,4.0,6.46e-05,2.0,0.14285714285713266,0.03225806451612695,0.0666334019591543,0.23287671232876395,0.0,0.0,wine,fermented juice (of grapes especially),i78715
en,0.6402807876122756,4,0.31624581850860095,0,1,"wine, vino",24,2,3,4.0,2.77945e-05,1.5,0.09999999999999,0.07142857142856122,0.05415880683038812,0.1199999999999994,0.09090909090908264,0.09523809523809071,wine,fermented juice (of grapes especially),i78715
nb,0.555086034499563,4,0.3668520013095962,0,1,"wine, vino",0,2,3,5.0,1.86e-05,1.5,0.24999999999996875,0.055555555555549384,0.026797746883884505,0.0,0.33333333333322224,0.16666666666665278,wine,fermented juice (of grapes especially),i78715
nb,0.592222058175818,4,0.33500262528164704,0,1,"coffee, java",0,2,2,5.0,2.76145e-05,1.0,0.24999999999996875,0.0,0.0398255634827669,0.0,0.33333333333322224,0.08333333333332639,coffee,a beverage consisting of an infusion of ground coffee beans,i78981
en,0.5212727121194831,4,0.4155164632823376,0,1,"coffee, java",13,2,7,5.0,4.12e-05,3.5,0.19999999999998,0.35714285714280614,0.08390847943030896,0.06499999999999968,0.09090909090908264,0.28571428571427215,coffee,a beverage consisting of an infusion of ground coffee beans,i78981
es,0.32437055739499976,2,0.1764334579859374,0,0,"coffee, java",2,1,5,4.0,6.46e-05,5.0,0.16666666666665278,0.307692307692284,0.08036910814109698,0.05405405405405259,0.0,0.2857142857142653,coffee,a beverage consisting of an infusion of ground coffee beans,i78981
it,0.31708480471564604,2,0.1299671558572438,0,0,"coffee, java",8,1,8,5.0,6.76e-05,8.0,0.21428571428569898,0.41935483870965035,0.06977816812152826,0.10958904109588892,0.0,0.09374999999999854,coffee,a beverage consisting of an infusion of ground coffee beans,i78981
it,0.6346587177086727,4,0.2993593020879263,1,0,tea,2,2,9,2.5,9.810000000000001e-06,4.5,0.035714285714283166,0.1935483870967617,0.00919948928033128,0.02739726027397223,0.09090909090908264,0.1093749999999983,tea,a beverage made by steeping tea leaves in water,i79004
nb,0.6197328281317762,4,0.33354760627667057,0,1,tea,0,2,2,4.0,2.087185e-05,1.0,0.12499999999998437,0.0,0.030081039927333495,0.0,0.33333333333322224,0.08333333333332639,tea,a beverage made by steeping tea leaves in water,i79004
en,0.58047993789748,4,0.40894292409856653,0,1,tea,5,1,5,3.0,5.37e-05,5.0,0.0,0.5714285714284898,0.1116486537989644,0.024999999999999876,0.0,0.19047619047618142,tea,a beverage made by steeping tea leaves in water,i79004
es,0.38953330968512506,3,0.1259376774086853,0,0,tea,1,1,4,2.0,1.95e-05,4.0,0.0,0.23076923076921302,0.022807622081648448,0.027027027027026296,0.0,0.21428571428569898,tea,a beverage made by steeping tea leaves in water,i79004
nb,0.5945228893958943,4,0.7760100758240902,1,1,"family line, sept, family",1,3,5,6.333333333333333,5.087066666666667e-05,1.6666666666666667,0.41666666666661456,0.07407407407406585,0.07343553343410925,0.19999999999996,0.6666666666664445,0.33333333333330556,family line,people descended from a common ancestor,i79200
en,0.579881828600525,4,0.9063362620258774,1,1,"family line, sept, family",5,7,18,7.0,0.00022113333333333333,3.6666666666666665,0.39999999999996,0.38095238095232653,0.48321904274231436,0.024999999999999876,0.5454545454544959,0.809523809523771,family line,people descended from a common ancestor,i79200
es,0.44529977095897194,4,0.5729755178293693,1,0,"family line, sept, family",3,2,8,6.5,0.000171785,4.0,0.37499999999996875,0.23076923076921302,0.2171701698546666,0.08108108108107888,0.2499999999999375,0.4999999999999643,family line,people descended from a common ancestor,i79200
it,0.359086626767786,3,0.999999999999784,1,1,"family line, sept, family",4,12,66,6.0,0.00027583333333333333,9.666666666666666,0.2857142857142653,0.5268817204300735,0.28805988163652946,0.05479452054794446,0.9999999999999091,0.9999999999999845,family line,people descended from a common ancestor,i79200
nb,0.8188883156875463,4,0.4706813930628758,1,1,"small town, settlement, village",0,1,1,7.0,6.17e-06,1.0,0.4999999999999375,0.0,0.008833826497384066,0.0,0.0,0.0,small town,a community of people smaller than a town,i80343
it,0.7376730886692482,4,0.5912023547960197,1,1,"small town, settlement, village",0,4,17,7.666666666666667,0.0001442,4.666666666666667,0.40476190476187585,0.20430107526880403,0.15007453080080999,0.0,0.27272727272724795,0.23437499999999636,small town,a community of people smaller than a town,i80343
en,0.6233662041663296,4,0.717789221076419,1,1,"small town, settlement, village",1,3,11,9.0,7e-05,3.6666666666666665,0.59999999999994,0.38095238095232653,0.14782184117569105,0.004999999999999975,0.18181818181816528,0.47619047619045357,small town,a community of people smaller than a town,i80343
es,0.32538418708249106,2,0.7872664034215029,1,0,"small town, settlement, village",1,1,13,6.0,0.000324,13.0,0.33333333333330556,0.9230769230768521,0.41144337607504256,0.027027027027026296,0.0,0.8571428571427959,small town,a community of people smaller than a town,i80343
nb,0.6106198841148062,4,0.3449693314249456,0,1,"civilization, culture, civilisation",0,1,3,6.0,0.000148,3.0,0.37499999999995315,0.22222222222219754,0.21380750537247312,0.0,0.0,0.16666666666665278,civilization,a particular society at a particular time and place,i80699
it,0.5045926326982482,4,0.3738628371006753,0,1,"civilization, culture, civilisation",0,2,16,7.0,0.00010075,8.0,0.3571428571428316,0.41935483870965035,0.10452783421576048,0.0,0.09090909090908264,0.2187499999999966,civilization,a particular society at a particular time and place,i80699
es,0.39360869360227646,3,0.5342549976766425,0,1,"civilization, culture, civilisation",2,2,7,9.5,9.39e-05,3.5,0.6249999999999479,0.19230769230767752,0.1177649294613152,0.05405405405405259,0.2499999999999375,0.42857142857139796,civilization,a particular society at a particular time and place,i80699
en,0.10838530073523743,2,0.34636789225508685,0,0,"civilization, culture, civilisation",7,3,15,10.333333333333334,3.9846666666666666e-05,5.0,0.73333333333326,0.5714285714284898,0.08090514321866253,0.03499999999999982,0.18181818181816528,0.666666666666635,civilization,a particular society at a particular time and place,i80699
it,0.8200334121255833,4,0.5116557651985683,1,1,"haven, harbour, harbor",2,1,6,5.0,0.000107,6.0,0.21428571428569898,0.29032258064514255,0.11107943038737289,0.02739726027397223,0.0,0.06249999999999903,haven,a sheltered port where ships can take on or discharge cargo,i82357
nb,0.6686964240913063,4,0.2811200703562842,0,1,"haven, harbour, harbor",0,1,2,4.0,1.51e-05,2.0,0.12499999999998437,0.11111111111109877,0.021739523122601193,0.0,0.0,0.08333333333332639,haven,a sheltered port where ships can take on or discharge cargo,i82357
es,0.6477026125879253,4,0.3341965557158476,0,1,"haven, harbour, harbor",2,1,2,6.0,0.000115,2.0,0.33333333333330556,0.076923076923071,0.14469502604345186,0.05405405405405259,0.0,0.07142857142856633,haven,a sheltered port where ships can take on or discharge cargo,i82357
en,0.49841486268236995,4,0.39640807980670456,1,0,"haven, harbour, harbor",5,4,7,6.0,1.2383333333333334e-05,2.0,0.29999999999997,0.14285714285712245,0.01995813078576863,0.024999999999999876,0.27272727272724795,0.28571428571427215,haven,a sheltered port where ships can take on or discharge cargo,i82357
it,0.5223007033550153,4,0.3467454107805276,0,1,countryside,0,1,9,8.0,0.000107,9.0,0.42857142857139796,0.48387096774190425,0.11107943038737289,0.0,0.0,0.1093749999999983,countryside,rural regions,i82392
nb,0.4768500534723813,4,0.863402923886347,1,1,countryside,0,3,9,8.666666666666666,0.00011853386666666668,3.0,0.7083333333332447,0.22222222222219754,0.1712228494353849,0.0,0.6666666666664445,0.6666666666666111,countryside,rural regions,i82392
en,0.31237069695021896,2,0.0008612081835137124,0,0,countryside,0,1,1,11.0,8.32e-06,1.0,0.79999999999992,0.0,0.010940724770997704,0.0,0.0,0.0,countryside,rural regions,i82392
es,0.27132127001682727,2,0.7957827044844156,1,0,countryside,0,1,14,5.0,0.000151,14.0,0.24999999999997916,0.9999999999999231,0.19064211025941966,0.0,0.0,0.9285714285713622,countryside,rural regions,i82392
en,0.4756543785279676,4,0.005221999343882913,0,0,cave,5,1,1,4.0,1.58e-05,1.0,0.09999999999999,0.0,0.02754044511320112,0.024999999999999876,0.0,0.0,cave,a geological formation consisting of an underground enclosure with access from the surface of the ground or from the sea,i85180
nb,0.4702709610533271,4,0.00017445558942921573,0,0,cave,0,1,1,4.0,4.17e-06,1.0,0.12499999999998437,0.0,0.005943412919507889,0.0,0.0,0.0,cave,a geological formation consisting of an underground enclosure with access from the surface of the ground or from the sea,i85180
es,0.44174465824640363,4,0.0007229243865870084,0,0,cave,0,1,1,5.0,1.41e-05,1.0,0.24999999999997916,0.0,0.015915559449253283,0.0,0.0,0.0,cave,a geological formation consisting of an underground enclosure with access from the surface of the ground or from the sea,i85180
it,0.34990147309371034,3,0.0730650797653644,0,0,cave,2,2,8,5.5,4.73e-06,4.0,0.24999999999998215,0.16129032258063475,0.0038743519120447143,0.02739726027397223,0.09090909090908264,0.09374999999999854,cave,a geological formation consisting of an underground enclosure with access from the surface of the ground or from the sea,i85180
it,0.6843248916376014,4,0.23733827140896457,1,0,lake,7,1,2,4.0,4.37e-05,2.0,0.14285714285713266,0.03225806451612695,0.04472486436128241,0.0958904109589028,0.0,0.0,lake,a body of (usually fresh) water surrounded by land,i85647
es,0.66987843445102,4,0.3121556240579812,0,1,lake,6,1,1,4.0,3.02e-05,1.0,0.16666666666665278,0.0,0.036464116556949984,0.16216216216215776,0.0,0.0,lake,a body of (usually fresh) water surrounded by land,i85647
nb,0.5108803279657087,4,0.46442593527332177,0,1,lake,1,1,5,3.0,1.48e-05,5.0,0.0,0.44444444444439507,0.021305961085919766,0.19999999999996,0.0,0.33333333333330556,lake,a body of (usually fresh) water surrounded by land,i85647
en,0.3558421311731571,3,0.14807232082772107,0,0,lake,51,1,3,4.0,6.76e-05,3.0,0.09999999999999,0.2857142857142449,0.14249572769690924,0.2549999999999987,0.0,0.09523809523809071,lake,a body of (usually fresh) water surrounded by land,i85647
nb,0.6479823230311139,4,0.28531953985441777,0,1,"mountain, mount",1,1,1,5.0,4.17e-05,1.0,0.24999999999996875,0.0,0.06018202370835434,0.19999999999996,0.0,0.0,mountain,a land mass that projects well above its surroundings; higher than a hill,i85815
it,0.5974439808923798,4,0.28540374927801815,0,1,"mountain, mount",3,2,7,6.5,5.39e-05,3.5,0.32142857142854847,0.1290322580645078,0.05541706931335387,0.04109589041095835,0.09090909090908264,0.07812499999999879,mountain,a land mass that projects well above its surroundings; higher than a hill,i85815
es,0.5210433438760282,4,0.4371642424731408,0,1,"mountain, mount",3,2,4,6.0,3.285e-05,2.0,0.33333333333330556,0.076923076923071,0.03984633247840316,0.08108108108107888,0.2499999999999375,0.21428571428569898,mountain,a land mass that projects well above its surroundings; higher than a hill,i85815
en,0.4940077697183288,4,0.409296380198872,0,1,"mountain, mount",5,2,7,6.5,4.1599999999999995e-05,3.5,0.349999999999965,0.35714285714280614,0.08479616501010592,0.024999999999999876,0.09090909090908264,0.28571428571427215,mountain,a land mass that projects well above its surroundings; higher than a hill,i85815
nb,0.8818826314903164,4,0.4696442042090049,1,1,river,0,1,1,3.0,7.24e-06,1.0,0.0,0.0,0.01038019776154782,0.0,0.0,0.0,river,a large natural stream of water (larger than a creek),i86078
en,0.736902859227122,4,0.6978992138557175,1,1,river,200,1,1,5.0,0.000107,1.0,0.19999999999998,0.0,0.22993275730691115,0.999999999999995,0.0,0.0,river,a large natural stream of water (larger than a creek),i86078
es,0.7164762958353251,4,0.8453620595980389,1,1,river,37,1,2,3.0,0.000126,2.0,0.08333333333332639,0.076923076923071,0.1587344128872198,0.9999999999999729,0.0,0.07142857142856633,river,a large natural stream of water (larger than a creek),i86078
it,0.41538079690514706,3,0.4689700688888699,0,1,river,73,1,4,5.0,6.31e-05,4.0,0.21428571428569898,0.16129032258063475,0.06506101887796732,0.9999999999999863,0.0,0.031249999999999514,river,a large natural stream of water (larger than a creek),i86078
en,0.6607714815810242,4,0.3616773402737133,0,1,sea,40,1,3,3.0,0.000115,3.0,0.0,0.2857142857142449,0.24768646890285065,0.199999999999999,0.0,0.09523809523809071,sea,a division of an ocean or a large body of salt water partially enclosed by land,i86143
it,0.5439483170032976,4,0.3761032012213808,0,1,sea,23,2,10,4.5,0.0001075,5.0,0.1785714285714158,0.22580645161288865,0.11160355808110188,0.31506849315068064,0.09090909090908264,0.12499999999999806,sea,a division of an ocean or a large body of salt water partially enclosed by land,i86143
es,0.5243666255931657,4,0.48259859502323427,0,1,sea,5,2,5,4.5,7.379999999999999e-05,2.5,0.20833333333331597,0.11538461538460651,0.09211114077406651,0.13513513513513148,0.2499999999999375,0.2857142857142653,sea,a division of an ocean or a large body of salt water partially enclosed by land,i86143
nb,0.44425153796427236,4,0.5283497297350843,0,1,sea,0,2,8,3.0,1.81e-05,4.0,0.0,0.3333333333332963,0.026075143489415458,0.0,0.33333333333322224,0.5833333333332847,sea,a division of an ocean or a large body of salt water partially enclosed by land,i86143
es,0.5150986148587444,4,0.4845243903268961,0,1,"coast, sea-coast, seashore",1,2,6,5.0,7.875e-05,3.0,0.24999999999997916,0.153846153846142,0.0984288648537621,0.027027027027026296,0.2499999999999375,0.3571428571428316,coast,the shore of a sea or ocean,i86148
it,0.41615313653347064,3,0.4528220766244096,1,0,"coast, sea-coast, seashore",0,6,28,5.75,4.695e-05,5.5,0.2678571428571237,0.2580645161290156,0.04813169437052087,0.0,0.45454545454541323,0.40624999999999367,coast,the shore of a sea or ocean,i86148
nb,0.40781290002519255,3,0.43075977908864693,0,1,"coast, sea-coast, seashore",0,3,3,7.333333333333333,1.4316e-06,1.0,0.5416666666665989,0.0,0.001985858648679827,0.0,0.6666666666664445,0.16666666666665278,coast,the shore of a sea or ocean,i86148
en,0.2500328841687223,2,0.17820106831530766,0,0,"coast, sea-coast, seashore",9,4,7,7.333333333333333,3.9977333333333334e-05,2.0,0.43333333333329,0.14285714285712245,0.08119512050806288,0.044999999999999776,0.27272727272724795,0.28571428571427215,coast,the shore of a sea or ocean,i86148
nb,0.7005942750335254,4,0.2804819552914845,0,1,sun,0,1,2,3.0,3.09e-05,2.0,0.0,0.11111111111109877,0.04457379038782299,0.0,0.0,0.08333333333332639,sun,the star that is the source of light and heat for the planets in the solar system,i86272
es,0.5452414897820433,4,0.5087046221004216,0,1,sun,0,1,7,3.0,0.000123,7.0,0.08333333333332639,0.46153846153842604,0.1549054892025558,0.0,0.0,0.42857142857139796,sun,the star that is the source of light and heat for the planets in the solar system,i86272
it,0.5343237109836314,4,0.3984487479952364,0,1,sun,0,2,12,4.0,0.000135,11.0,0.14285714285713266,0.6129032258064121,0.1404305812361965,0.0,0.09090909090908264,0.15624999999999759,sun,the star that is the source of light and heat for the planets in the solar system,i86272
en,0.5152456195832655,4,0.48963965654573716,0,1,sun,0,2,8,3.0,9.33e-05,6.0,0.0,0.7142857142856123,0.19952952619886483,0.0,0.09090909090908264,0.3333333333333175,sun,the star that is the source of light and heat for the planets in the solar system,i86272
nb,0.7335665234385877,4,0.23482210210450244,0,1,"vale, valley",0,1,1,3.0,8.91e-06,1.0,0.0,0.0,0.012793693099074424,0.0,0.0,0.0,vale,a long depression in the surface of the land that usually contains a river,i86379
es,0.6737435472544349,4,0.2926026942900259,0,1,"vale, valley",3,1,1,5.0,4.57e-05,1.0,0.24999999999997916,0.0,0.05624688892771388,0.08108108108107888,0.0,0.0,vale,a long depression in the surface of the land that usually contains a river,i86379
en,0.41503968951601383,3,0.046955168992242,0,0,"vale, valley",12,2,2,5.0,2.8335000000000002e-05,1.0,0.19999999999998,0.0,0.05535829197008879,0.0599999999999997,0.09090909090908264,0.047619047619045354,vale,a long depression in the surface of the land that usually contains a river,i86379
it,0.3589925666211963,3,0.06563276751325046,0,0,"vale, valley",7,3,5,5.666666666666667,1.7729999999999998e-05,1.6666666666666667,0.2619047619047432,0.010752688172042321,0.017501671948998522,0.0958904109589028,0.18181818181816528,0.04687499999999927,vale,a long depression in the surface of the land that usually contains a river,i86379
nb,0.5824749827504865,4,0.4023659628150474,0,1,"falls, waterfall",0,2,4,4.0,0.0001055,2.0,0.12499999999998437,0.11111111111109877,0.1523862168426044,0.0,0.33333333333322224,0.24999999999997916,falls,a steep descent of the water of a river,i86414
en,0.33317309520412125,2,0.0803376486200403,0,0,"falls, waterfall",16,2,3,7.0,2.3085e-05,1.5,0.39999999999996,0.07142857142856122,0.0437074187352535,0.0799999999999996,0.09090909090908264,0.09523809523809071,falls,a steep descent of the water of a river,i86414
es,0.3088056470500933,2,0.10469237240171525,0,0,"falls, waterfall",9,1,2,7.0,3.63e-06,2.0,0.41666666666663194,0.076923076923071,0.002552615789775988,0.24324324324323665,0.0,0.07142857142856633,falls,a steep descent of the water of a river,i86414
it,0.2760236416828132,2,0.10315917901675206,0,0,"falls, waterfall",1,3,12,8.333333333333334,2.1462000000000003e-06,4.0,0.45238095238092013,0.16129032258063475,0.001165869641930772,0.013698630136986115,0.18181818181816528,0.15624999999999759,falls,a steep descent of the water of a river,i86414
it,0.5619035841672292,4,0.3443519452154901,0,1,nature,0,1,9,6.0,0.000123,9.0,0.2857142857142653,0.48387096774190425,0.12785151658670066,0.0,0.0,0.1093749999999983,nature,a causal agent creating and controlling things in the universe,i86562
nb,0.5140301770577255,4,0.8838783436735598,1,1,nature,0,1,10,5.0,3.89e-05,10.0,0.24999999999996875,0.9999999999998889,0.05613544469932769,0.0,0.0,0.7499999999999375,nature,a causal agent creating and controlling things in the universe,i86562
es,0.46108764044992506,4,0.444450840775692,0,1,nature,0,1,5,10.0,8.32e-05,5.0,0.6666666666666111,0.307692307692284,0.10410843498601366,0.0,0.0,0.2857142857142653,nature,a causal agent creating and controlling things in the universe,i86562
en,0.29786340310004084,2,0.18778145787186543,0,0,nature,0,1,5,6.0,9.55e-05,5.0,0.29999999999997,0.5714285714284898,0.20441179688774816,0.0,0.0,0.19047619047618142,nature,a causal agent creating and controlling things in the universe,i86562
nb,0.6555577749118865,4,0.23645646993957456,0,1,"fisher, fisherman",0,1,1,6.0,1.29e-05,1.0,0.37499999999995315,0.0,0.0185600681869374,0.0,0.0,0.0,fisher,someone whose occupation is catching fish,i89974
es,0.37814073023292877,3,0.0,0,0,"fisher, fisherman",0,1,1,8.0,3.63e-06,1.0,0.4999999999999583,0.0,0.002552615789775988,0.0,0.0,0.0,fisher,someone whose occupation is catching fish,i89974
it,0.3675424709771911,3,0.002455342176056991,0,0,"fisher, fisherman",1,1,2,9.0,4.07e-06,2.0,0.4999999999999643,0.03225806451612695,0.0031825033563224444,0.013698630136986115,0.0,0.0,fisher,someone whose occupation is catching fish,i89974
en,0.32959456808080395,2,0.06104089628707647,0,0,"fisher, fisherman",2,2,3,7.5,6.795e-06,1.5,0.449999999999955,0.07142857142856122,0.007556423498021741,0.00999999999999995,0.09090909090908264,0.09523809523809071,fisher,someone whose occupation is catching fish,i89974
nb,0.8294557854705624,4,0.5168432965601059,1,1,"guest, invitee",0,1,2,5.0,1.82e-05,2.0,0.24999999999996875,0.11111111111109877,0.026219664168309263,0.0,0.0,0.08333333333332639,guest,a visitor to whom hospitality is extended,i90350
it,0.5796784835905022,4,0.2849156019460769,1,0,"guest, invitee",0,2,8,7.0,2.4449999999999998e-05,4.0,0.3571428571428316,0.16129032258063475,0.024545948152716185,0.0,0.09090909090908264,0.09374999999999854,guest,a visitor to whom hospitality is extended,i90350
en,0.5557951776948983,4,0.3479428560442284,1,0,"guest, invitee",3,2,5,6.0,1.90645e-05,2.5,0.29999999999997,0.21428571428568366,0.03478506905131917,0.014999999999999925,0.09090909090908264,0.19047619047618142,guest,a visitor to whom hospitality is extended,i90350
es,0.24578857823715589,2,0.18292387793729262,0,0,"guest, invitee",1,2,5,7.5,1.3585e-05,2.5,0.4583333333332951,0.11538461538460651,0.015258260883385966,0.027027027027026296,0.2499999999999375,0.2857142857142653,guest,a visitor to whom hospitality is extended,i90350
it,0.8237056343435357,4,0.5643845417351254,1,1,"king, rex, male monarch",4,1,9,2.0,0.000182,9.0,0.0,0.48387096774190425,0.18969858444672183,0.05479452054794446,0.0,0.1093749999999983,king,a male sovereign; ruler of a kingdom,i90847
nb,0.8059934271475409,4,0.5646666111600703,1,1,"king, rex, male monarch",0,1,3,5.0,4.37e-05,3.0,0.24999999999996875,0.22222222222219754,0.06307243728623052,0.0,0.0,0.16666666666665278,king,a male sovereign; ruler of a kingdom,i90847
es,0.7026174237503611,4,0.8108978887363777,1,1,"king, rex, male monarch",9,2,6,5.0,9.097e-05,3.0,0.24999999999997916,0.153846153846142,0.11402534732929338,0.24324324324323665,0.2499999999999375,0.3571428571428316,king,a male sovereign; ruler of a kingdom,i90847
en,0.3205111362195095,2,0.5877974487795941,1,0,"king, rex, male monarch",79,3,12,6.333333333333333,5.345666666666666e-05,4.0,0.33333333333329995,0.4285714285713673,0.11110864507125455,0.394999999999998,0.18181818181816528,0.5238095238094989,king,a male sovereign; ruler of a kingdom,i90847
nb,0.6841157258913724,4,0.2361577213709289,0,1,prince,0,1,1,5.0,1.58e-05,1.0,0.24999999999996875,0.0,0.022751167874857856,0.0,0.0,0.0,prince,a male member of a royal family other than the sovereign (especially the son of a sovereign),i92240
en,0.4351143618557517,4,0.022420927057600928,0,0,prince,14,1,1,6.0,5.25e-05,1.0,0.29999999999997,0.0,0.10898559705957347,0.06999999999999965,0.0,0.0,prince,a male member of a royal family other than the sovereign (especially the son of a sovereign),i92240
es,0.3832242048542025,3,0.013728204699690993,0,0,prince,1,1,1,8.0,4.17e-05,1.0,0.4999999999999583,0.0,0.0511416573481619,0.027027027027026296,0.0,0.0,prince,a male member of a royal family other than the sovereign (especially the son of a sovereign),i92240
it,0.3650095671274092,3,0.0370676228423814,0,0,prince,11,1,2,8.0,5.62e-05,2.0,0.42857142857139796,0.03225806451612695,0.05782805670450723,0.15068493150684725,0.0,0.0,prince,a male member of a royal family other than the sovereign (especially the son of a sovereign),i92240
it,0.4440304466748174,4,0.06793811294082854,0,0,saint,4,3,6,3.3333333333333335,0.0001935333333333333,2.0,0.09523809523808845,0.03225806451612695,0.20178846324873723,0.05479452054794446,0.18181818181816528,0.06249999999999903,saint,a person who has died and has been declared a saint by canonization,i92688
nb,0.42264431253799367,3,0.00555405086565195,0,0,saint,0,1,1,6.0,4.37e-05,1.0,0.37499999999995315,0.0,0.06307243728623052,0.0,0.0,0.0,saint,a person who has died and has been declared a saint by canonization,i92688
en,0.31941930583478695,2,0.1401896646380353,0,0,saint,45,1,3,5.0,2.57e-05,3.0,0.19999999999998,0.2857142857142449,0.04951066321317622,0.22499999999999887,0.0,0.09523809523809071,saint,a person who has died and has been declared a saint by canonization,i92688
es,0.308837307682264,2,0.17919470665390144,0,0,saint,13,1,3,5.0,7.41e-05,3.0,0.24999999999997916,0.153846153846142,0.09249403314253292,0.3513513513513418,0.0,0.14285714285713266,saint,a person who has died and has been declared a saint by canonization,i92688
es,0.4194486043776805,3,0.0003983054471553765,0,0,fog,0,1,1,6.0,8.13e-06,1.0,0.33333333333330556,0.0,0.00829600131677196,0.0,0.0,0.0,fog,droplets of water vapor suspended in the air near the ground,i97801
en,0.40351150404799263,3,0.09087013398929353,0,0,fog,4,1,3,3.0,7.94e-06,3.0,0.0,0.2857142857142449,0.01009742347019058,0.0199999999999999,0.0,0.09523809523809071,fog,droplets of water vapor suspended in the air near the ground,i97801
nb,0.37525027036735303,3,0.09290859910043225,0,0,fog,1,1,2,4.0,6.76e-06,2.0,0.12499999999998437,0.11111111111109877,0.009686498502857537,0.19999999999996,0.0,0.08333333333332639,fog,droplets of water vapor suspended in the air near the ground,i97801
it,0.32620355026183634,2,0.07324805775823545,0,0,fog,2,2,8,7.0,5.8830499999999995e-06,4.0,0.3571428571428316,0.16129032258063475,0.005083042786553144,0.02739726027397223,0.09090909090908264,0.09374999999999854,fog,droplets of water vapor suspended in the air near the ground,i97801
nb,0.6022256866328042,4,0.33349741821397055,0,1,"violent storm, storm",0,2,2,4.5,1.3145e-05,1.0,0.18749999999997657,0.0,0.01891414385022723,0.0,0.33333333333322224,0.08333333333332639,violent storm,a violent weather condition with winds 64-72 knots (11 on the Beaufort scale) and precipitation and thunder and lightning,i97824
en,0.27812176981447856,2,0.10311763403700767,0,0,"violent storm, storm",8,2,4,9.0,3.17e-05,2.0,0.59999999999994,0.14285714285712245,0.06282594691013083,0.0399999999999998,0.09090909090908264,0.14285714285713608,violent storm,a violent weather condition with winds 64-72 knots (11 on the Beaufort scale) and precipitation and thunder and lightning,i97824
es,0.18191544037811438,2,0.17823714729539042,0,0,"violent storm, storm",4,2,4,12.5,1.8e-05,2.0,0.8749999999999271,0.076923076923071,0.02089316023931646,0.10810810810810519,0.2499999999999375,0.21428571428569898,violent storm,a violent weather condition with winds 64-72 knots (11 on the Beaufort scale) and precipitation and thunder and lightning,i97824
it,0.16581946734123512,2,0.2579767249756246,0,0,"violent storm, storm",5,7,28,7.666666666666667,1.4113333333333334e-05,4.666666666666667,0.40476190476187585,0.20430107526880403,0.013710481631025478,0.06849315068493057,0.5454545454544959,0.40624999999999367,violent storm,a violent weather condition with winds 64-72 knots (11 on the Beaufort scale) and precipitation and thunder and lightning,i97824
en,0.7949639300521476,4,0.5539255004876046,1,1,"rain, rainfall",5,2,4,6.0,2.8955e-05,2.0,0.29999999999997,0.14285714285712245,0.0567342046187741,0.024999999999999876,0.09090909090908264,0.14285714285713608,rain,water falling in drops from vapor condensed in the atmosphere,i98034
es,0.7922839155818237,4,0.6401478111987539,1,1,"rain, rainfall",3,1,3,6.0,4.07e-05,3.0,0.33333333333330556,0.153846153846142,0.049865349453273915,0.08108108108107888,0.0,0.14285714285713266,rain,water falling in drops from vapor condensed in the atmosphere,i98034
nb,0.7481749105453822,4,0.615777082679088,1,1,"rain, rainfall",1,2,2,5.5,1.256e-05,1.0,0.3124999999999609,0.0,0.01806869787869845,0.19999999999996,0.33333333333322224,0.08333333333332639,rain,water falling in drops from vapor condensed in the atmosphere,i98034
it,0.7421152884089954,4,0.599647273363219,1,1,"rain, rainfall",7,2,15,6.0,0.00011525,7.5,0.2857142857142653,0.3870967741935234,0.11972753733390126,0.0958904109589028,0.09090909090908264,0.20312499999999684,rain,water falling in drops from vapor condensed in the atmosphere,i98034
nb,0.7417022242405917,4,0.23482210210450244,0,1,"snowfall, snow",0,1,1,3.0,3.8e-05,1.0,0.0,0.0,0.054834758589283425,0.0,0.0,0.0,snowfall,precipitation falling from clouds in the form of ice crystals,i98073
en,0.5595551503002834,4,0.34750057614648977,0,1,"snowfall, snow",2,2,5,6.0,2.368e-05,2.5,0.29999999999997,0.21428571428568366,0.0450278510352015,0.00999999999999995,0.09090909090908264,0.19047619047618142,snowfall,precipitation falling from clouds in the form of ice crystals,i98073
it,0.37736669170282167,3,0.04272104112908655,0,0,"snowfall, snow",2,2,5,6.0,1.503e-05,2.5,0.2857142857142653,0.0645161290322539,0.014671382402861964,0.02739726027397223,0.09090909090908264,0.04687499999999927,snowfall,precipitation falling from clouds in the form of ice crystals,i98073
es,0.3394231782212585,2,0.12066009177817727,0,0,"snowfall, snow",0,1,4,5.0,2.45e-05,4.0,0.24999999999997916,0.23076923076921302,0.029189161556088417,0.0,0.0,0.21428571428569898,snowfall,precipitation falling from clouds in the form of ice crystals,i98073
nb,0.867145403107305,4,0.5635730450507871,1,1,"conditions, weather, weather condition",2,1,1,3.0,0.000191,1.0,0.0,0.0,0.2759513972968109,0.39999999999992,0.0,0.0,conditions,the atmospheric conditions that comprise the state of the atmosphere in terms of temperature and wind and clouds and precipitation,i98170
it,0.7979058762480404,4,0.7758681192605206,1,1,"conditions, weather, weather condition",13,1,17,5.0,0.000955,17.0,0.21428571428569898,0.9999999999999355,0.9999999989517446,0.1780821917808195,0.0,0.23437499999999636,conditions,the atmospheric conditions that comprise the state of the atmosphere in terms of temperature and wind and clouds and precipitation,i98170
en,0.4135320250955081,3,0.40779502471994583,0,1,"conditions, weather, weather condition",11,4,6,11.333333333333334,6.873333333333333e-05,1.6666666666666667,0.8333333333332501,0.09523809523808165,0.1450108368396673,0.05499999999999973,0.27272727272724795,0.23809523809522679,conditions,the atmospheric conditions that comprise the state of the atmosphere in terms of temperature and wind and clouds and precipitation,i98170
es,0.25971164579645645,2,0.8060607329457569,1,0,"conditions, weather, weather condition",6,4,9,12.666666666666666,0.00035673,2.6666666666666665,0.8888888888888148,0.12820512820511834,0.4532169334747265,0.16216216216215776,0.7499999999998125,0.5714285714285307,conditions,the atmospheric conditions that comprise the state of the atmosphere in terms of temperature and wind and clouds and precipitation,i98170
