Language,basicness_score_experimental,basicness_rank,basicness_score,word_in_children_res,word_in_second_lang_learn_res,en_lemmas,n_hyponyms,n_synonyms,n_syn_senses,avg_word_length,avg_pronounce_complexity,avg_word_frequency,avg_n_senses,normalized_length,normalized_pronounce_complexity,normalized_n_senses,normalized_frequency,normalized_n_hyponyms,normalized_n_synonyms,normalized_n_syn_senses,example_en_lemma,example_en_gloss,ili
nb,0.6404498926229717,3,0.4719649886522756,1,1,"rosebush, rose",0,1,1,4.0,0.466,2.19e-05,1.0,0.12499999999998437,0.466,0.0,0.0315669292873802,0.0,0.0,0.0,rosebush,any of many shrubs of the genus Rosa that bear roses,i103203
it,0.47510721044814797,2,0.1042231290882225,0,0,"rosebush, rose",5,2,10,5.0,0.1925,3.30699e-05,5.0,0.21428571428569898,0.1925,0.22580645161288865,0.03358180476706528,0.06849315068493057,0.09090909090908264,0.12499999999999806,rosebush,any of many shrubs of the genus Rosa that bear roses,i103203
en,0.46678249061086324,2,0.07243247865815829,0,0,"rosebush, rose",11,2,4,6.0,0.48650000000000004,3.307945e-05,2.0,0.29999999999997,0.48650000000000004,0.14285714285712245,0.06588724159275816,0.05499999999999973,0.09090909090908264,0.14285714285713608,rosebush,any of many shrubs of the genus Rosa that bear roses,i103203
es,0.4619588621402749,2,0.1589959307850648,0,0,"rosebush, rose",0,1,5,4.0,0.186,5.13e-05,5.0,0.16666666666665278,0.186,0.307692307692284,0.06339421313908665,0.0,0.0,0.2857142857142653,rosebush,any of many shrubs of the genus Rosa that bear roses,i103203
nb,0.6098161598778015,3,0.045885064635358935,0,0,wood,0,1,2,3.0,0.442,0.000692,2.0,0.0,0.442,0.11111111111109877,0.9999999985547933,0.0,0.0,0.08333333333332639,wood,the hard fibrous lignified substance under the bark of trees,i116549
en,0.5750277601295165,3,0.4675449302683631,0,1,wood,91,1,8,4.0,0.199,6.03e-05,8.0,0.09999999999999,0.199,0.9999999999998571,0.12629546586561446,0.45499999999999774,0.0,0.3333333333333175,wood,the hard fibrous lignified substance under the bark of trees,i116549
it,0.5121554089944286,3,0.1685114897962488,0,0,wood,44,2,5,6.0,0.1875,2.5725e-05,2.5,0.2857142857142653,0.1875,0.0645161290322539,0.025882473771725117,0.602739726027389,0.09090909090908264,0.04687499999999927,wood,the hard fibrous lignified substance under the bark of trees,i116549
es,0.47642696712700083,2,0.16641179826976693,0,0,wood,12,1,3,6.0,0.189,4.9e-05,3.0,0.33333333333330556,0.189,0.153846153846142,0.06045870498084426,0.3243243243243155,0.0,0.14285714285713266,wood,the hard fibrous lignified substance under the bark of trees,i116549
nb,0.48311316288744716,2,0.23598798006375996,0,1,midnight,0,1,1,7.0,0.884,1.35e-05,1.0,0.4999999999999375,0.884,0.0,0.01942719226030025,0.0,0.0,0.0,midnight,12 o'clock at night; the middle of the night,i116927
en,0.4626574423816885,2,2.7254508201053763e-05,0,0,midnight,0,1,1,8.0,0.638,2.04e-05,1.0,0.49999999999995,0.638,0.0,0.03774882928086632,0.0,0.0,0.0,midnight,12 o'clock at night; the middle of the night,i116927
it,0.4050910872245941,2,0.01748034106962564,0,0,midnight,0,1,3,10.0,0.797,1.78e-05,3.0,0.5714285714285307,0.797,0.09677419354838085,0.017575049826120584,0.0,0.0,0.015624999999999757,midnight,12 o'clock at night; the middle of the night,i116927
es,0.3803056225545465,2,5.789256636975148e-07,0,0,midnight,0,1,1,10.0,0.758,7.59e-06,1.0,0.6666666666666111,0.758,0.0,0.007606795053532444,0.0,0.0,0.0,midnight,12 o'clock at night; the middle of the night,i116927
en,0.5425783739804608,3,0.7329469131805818,1,1,"morning, first light, break of day",0,12,21,10.0,0.711,0.00017533333333333333,2.0,0.69999999999993,0.711,0.14285714285712245,0.38157904385556085,0.0,0.9999999999999091,0.9523809523809071,morning,the first light of day,i116932
es,0.43176474283568894,2,0.14499279916113184,0,0,"morning, first light, break of day",0,2,4,6.0,0.194,1.91e-05,2.0,0.33333333333330556,0.194,0.076923076923071,0.02229709892369325,0.0,0.2499999999999375,0.21428571428569898,morning,the first light of day,i116932
it,0.42876091007816614,2,0.25229372880825884,0,0,"morning, first light, break of day",0,7,26,5.333333333333333,0.36233333333333334,1.0616666666666668e-05,5.666666666666667,0.23809523809522107,0.36233333333333334,0.26881720430105793,0.01004508195954739,0.0,0.5454545454544959,0.37499999999999417,morning,the first light of day,i116932
nb,0.37197719323978673,2,4.140837388294369e-09,0,0,"morning, first light, break of day",0,1,1,6.0,0.828,1.29e-06,1.0,0.37499999999995315,0.828,0.0,0.0017812173673661935,0.0,0.0,0.0,morning,the first light of day,i116932
en,0.479650235477659,2,0.561968481842912,0,1,"twilight, dusk, fall",1,9,22,5.333333333333333,0.26899999999999996,4.812e-05,5.333333333333333,0.23333333333330997,0.26899999999999996,0.6190476190475306,0.0992654399607966,0.004999999999999975,0.7272727272726611,0.9999999999999525,twilight,the time of day immediately following sunset,i116935
it,0.40106342794996624,2,0.02663722123294693,0,0,"twilight, dusk, fall",0,2,4,9.5,0.7925,1.034e-06,2.0,0.5357142857142474,0.7925,0.03225806451612695,0.0,0.0,0.09090909090908264,0.031249999999999514,twilight,the time of day immediately following sunset,i116935
es,0.3427875442683906,2,0.2574786706000996,0,0,"twilight, dusk, fall",1,3,6,9.666666666666666,0.7786666666666667,1.6299999999999999e-06,2.0,0.6388888888888355,0.7786666666666667,0.076923076923071,0.0,0.027027027027026296,0.499999999999875,0.3571428571428316,twilight,the time of day immediately following sunset,i116935
nb,0.3299050294088257,2,0.0,0,0,"twilight, dusk, fall",0,1,1,9.0,0.892,5.75e-08,1.0,0.7499999999999063,0.892,0.0,0.0,0.0,0.0,0.0,twilight,the time of day immediately following sunset,i116935
en,0.6446258145863223,3,0.9999999999983235,0,1,"time of year, season",8,2,4,9.0,0.758,0.000454,2.0,0.59999999999994,0.758,0.14285714285712245,0.9999999977807861,0.0399999999999998,0.09090909090908264,0.14285714285713608,time of year,one of the natural periods into which the year is divided by the equinoxes and solstices or atmospheric conditions,i117307
it,0.5440129727732657,3,0.305238569981704,0,1,"time of year, season",11,1,5,8.0,0.842,0.000129,5.0,0.42857142857139796,0.842,0.22580645161288865,0.13414104891144857,0.15068493150684725,0.0,0.04687499999999927,time of year,one of the natural periods into which the year is divided by the equinoxes and solstices or atmospheric conditions,i117307
es,0.4447024600319718,2,0.3841513787682448,0,1,"time of year, season",5,1,3,8.0,0.804,6.46e-05,3.0,0.4999999999999583,0.804,0.153846153846142,0.08036910814109698,0.13513513513513148,0.0,0.14285714285713266,time of year,one of the natural periods into which the year is divided by the equinoxes and solstices or atmospheric conditions,i117307
nb,0.38702228538854794,2,0.23598033407498517,0,0,"time of year, season",5,1,1,6.0,0.862,9.55e-07,1.0,0.37499999999995315,0.862,0.0,0.0012970730930719342,0.9999999999997999,0.0,0.0,time of year,one of the natural periods into which the year is divided by the equinoxes and solstices or atmospheric conditions,i117307
en,0.6345071672605329,3,0.3795376714081549,1,1,"summer, summertime",0,2,3,8.0,0.203,8.589e-05,1.5,0.49999999999995,0.203,0.07142857142856122,0.18308515083312588,0.0,0.09090909090908264,0.09523809523809071,summer,the warmest season of the year; in the northern hemisphere it extends from the summer solstice to the autumnal equinox,i117310
it,0.6195994628832818,3,0.43627751746843196,1,1,"summer, summertime",0,1,2,6.0,0.729,6.92e-05,2.0,0.2857142857142653,0.729,0.03225806451612695,0.07145537674146103,0.0,0.0,0.0,summer,the warmest season of the year; in the northern hemisphere it extends from the summer solstice to the autumnal equinox,i117310
nb,0.6023437577926478,3,0.4740943691619771,1,1,"summer, summertime",0,1,1,6.0,0.754,0.000102,1.0,0.37499999999995315,0.754,0.0,0.14732799308132108,0.0,0.0,0.0,summer,the warmest season of the year; in the northern hemisphere it extends from the summer solstice to the autumnal equinox,i117310
es,0.5666965527489632,3,0.536035744076798,1,1,"summer, summertime",0,1,1,6.0,0.2,8.71e-05,1.0,0.33333333333330556,0.2,0.0,0.10908603577607684,0.0,0.0,0.0,summer,the warmest season of the year; in the northern hemisphere it extends from the summer solstice to the autumnal equinox,i117310
nb,0.6680013681636372,3,0.9999999999976402,1,1,"festivity, celebration",1,3,13,5.666666666666667,0.6749999999999999,4.47e-05,4.333333333333333,0.3333333333332917,0.6749999999999999,0.37037037037032916,0.06451764407516862,0.19999999999996,0.6666666666664445,0.9999999999999166,festivity,any joyous diversion,i37653
en,0.43499692473230395,2,0.06901201629521463,0,0,"festivity, celebration",7,2,4,10.0,0.7364999999999999,9.923499999999999e-06,2.0,0.69999999999993,0.7364999999999999,0.14285714285712245,0.014499234339008822,0.03499999999999982,0.09090909090908264,0.14285714285713608,festivity,any joyous diversion,i37653
it,0.4101625501271995,2,0.05988804919943452,0,0,"festivity, celebration",3,2,7,9.75,0.6557499999999999,5.961749999999999e-06,3.0,0.5535714285713891,0.6557499999999999,0.09677419354838085,0.005165540485546087,0.04109589041095835,0.09090909090908264,0.07812499999999879,festivity,any joyous diversion,i37653
es,0.3700094118070167,2,0.19616102991129736,0,0,"festivity, celebration",3,2,5,9.0,0.7585,1.6795e-05,2.5,0.5833333333332847,0.7585,0.11538461538460651,0.019355209225976427,0.08108108108107888,0.2499999999999375,0.2857142857142653,festivity,any joyous diversion,i37653
it,0.6023021322762657,3,0.5542522808727031,1,1,"association football, soccer",0,3,14,7.0,0.7166666666666667,5.36e-05,4.666666666666667,0.3571428571428316,0.7166666666666667,0.20430107526880403,0.055102592697116475,0.0,0.18181818181816528,0.18749999999999709,association football,a football game in which two teams of 11 players try to kick or head a ball into the opponents' goal,i37904
nb,0.6012573108416079,3,0.49587346485512285,1,1,"association football, soccer",0,1,1,7.0,0.84,0.0002,1.0,0.4999999999999375,0.84,0.0,0.2889582583972537,0.0,0.0,0.0,association football,a football game in which two teams of 11 players try to kick or head a ball into the opponents' goal,i37904
es,0.5295497838036487,3,0.5774440147133062,1,1,"association football, soccer",0,1,2,6.0,0.701,0.000115,2.0,0.33333333333330556,0.701,0.076923076923071,0.14469502604345186,0.0,0.0,0.07142857142856633,association football,a football game in which two teams of 11 players try to kick or head a ball into the opponents' goal,i37904
en,0.4399579556858105,2,0.024032366733606095,0,0,"association football, soccer",0,2,2,13.0,0.679,4.36e-05,1.0,0.9999999999999,0.679,0.0,0.08923459290909082,0.0,0.09090909090908264,0.047619047619045354,association football,a football game in which two teams of 11 players try to kick or head a ball into the opponents' goal,i37904
it,0.5733981489296174,3,0.27807615513563066,0,1,"sport, athletics",20,1,2,5.0,0.759,8.91e-05,2.0,0.21428571428569898,0.759,0.03225806451612695,0.09231565895187495,0.2739726027397223,0.0,0.0,sport,an active diversion requiring physical exertion and competition,i38140
nb,0.524489259501363,3,0.3816986743281268,0,1,"sport, athletics",1,2,2,5.5,0.8320000000000001,4.7449999999999995e-05,1.0,0.3124999999999609,0.8320000000000001,0.0,0.06849196274474835,0.19999999999996,0.33333333333322224,0.08333333333332639,sport,an active diversion requiring physical exertion and competition,i38140
en,0.5186674900934839,3,0.3674275312806775,0,1,"sport, athletics",20,2,10,7.0,0.7915,3.0155e-05,5.0,0.39999999999996,0.7915,0.5714285714284898,0.05939726135816502,0.0999999999999995,0.09090909090908264,0.4285714285714082,sport,an active diversion requiring physical exertion and competition,i38140
es,0.5050513247621458,3,0.3656216981511418,0,1,"sport, athletics",8,1,2,7.0,0.208,4.9e-05,2.0,0.41666666666663194,0.208,0.076923076923071,0.06045870498084426,0.21621621621621037,0.0,0.07142857142856633,sport,an active diversion requiring physical exertion and competition,i38140
nb,0.5578660976912413,3,0.28186625610764654,0,1,"squealer, pig, hog",0,1,2,4.0,0.644,1.15e-05,2.0,0.12499999999998437,0.644,0.11111111111109877,0.016536778682424074,0.0,0.0,0.08333333333332639,squealer,domestic swine,i48199
it,0.5352177203081129,3,0.29902750587061694,0,1,"squealer, pig, hog",0,3,10,6.5,0.42974999999999997,6.48675e-06,3.0,0.32142857142854847,0.42974999999999997,0.09677419354838085,0.005715874563961531,0.0,0.18181818181816528,0.12499999999999806,squealer,domestic swine,i48199
es,0.5096097225268956,3,0.9794139355235926,0,1,"squealer, pig, hog",1,5,10,4.666666666666667,0.38599999999999995,0.00078514,2.6666666666666665,0.22222222222220372,0.38599999999999995,0.12820512820511834,0.9999999987236922,0.027027027027026296,0.99999999999975,0.6428571428570969,squealer,domestic swine,i48199
en,0.41912808536128027,2,0.23744142076264643,0,0,"squealer, pig, hog",1,5,15,4.666666666666667,0.429,5.855233333333334e-06,3.6666666666666665,0.16666666666665003,0.429,0.38095238095232653,0.005470880202087068,0.004999999999999975,0.36363636363633056,0.666666666666635,squealer,domestic swine,i48199
nb,0.6621343644848825,3,0.5178934109444668,1,1,fish,0,1,2,4.0,0.398,5.13e-05,2.0,0.12499999999998437,0.398,0.11111111111109877,0.07405600888215999,0.0,0.0,0.08333333333332639,fish,any of various mostly cold-blooded aquatic vertebrates usually having scales and breathing through gills,i48880
en,0.6467983942349459,3,0.4421685849860645,1,1,fish,13,1,4,4.0,0.197,7.94e-05,4.0,0.09999999999999,0.197,0.4285714285713673,0.16868245230091997,0.06499999999999968,0.0,0.14285714285713608,fish,any of various mostly cold-blooded aquatic vertebrates usually having scales and breathing through gills,i48880
it,0.5595447619407699,3,0.27944942173298726,1,0,fish,3,1,5,5.0,0.199,4.07e-05,5.0,0.21428571428569898,0.199,0.22580645161288865,0.041580098198908455,0.04109589041095835,0.0,0.04687499999999927,fish,any of various mostly cold-blooded aquatic vertebrates usually having scales and breathing through gills,i48880
es,0.4896482642375233,2,0.3979343777999537,1,0,fish,2,2,3,4.5,0.477,7.7734e-06,1.5,0.20833333333331597,0.477,0.0384615384615355,0.007840869921454902,0.05405405405405259,0.2499999999999375,0.14285714285713266,fish,any of various mostly cold-blooded aquatic vertebrates usually having scales and breathing through gills,i48880
nb,0.6905799794949931,3,0.5663527977850391,1,1,boat,2,1,1,3.0,0.203,5.01e-05,1.0,0.0,0.203,0.0,0.07232176073543428,0.39999999999992,0.0,0.0,boat,a small vessel for travel on water,i50885
en,0.6512513697834286,3,0.3890796327953357,1,1,boat,26,1,2,4.0,0.202,5.13e-05,2.0,0.09999999999999,0.202,0.14285714285712245,0.10632254032018255,0.12999999999999937,0.0,0.047619047619045354,boat,a small vessel for travel on water,i50885
it,0.5388229787542285,3,0.3523748169132903,1,0,boat,19,3,9,6.666666666666667,0.4163333333333334,8.995666666666666e-06,3.0,0.33333333333330956,0.4163333333333334,0.09677419354838085,0.008345859976477993,0.26027397260273616,0.18181818181816528,0.1093749999999983,boat,a small vessel for travel on water,i50885
es,0.4919336484274669,2,0.999999999997321,1,1,boat,8,3,12,6.666666666666667,0.40599999999999997,1.5689999999999997e-05,4.0,0.3888888888888565,0.40599999999999997,0.23076923076921302,0.01794488900212519,0.21621621621621037,0.499999999999875,0.7857142857142296,boat,a small vessel for travel on water,i50885
nb,0.5944928942430191,3,0.23599457732900858,0,1,"passenger vehicle, coach, bus",0,1,1,4.0,0.273,3.89e-05,1.0,0.12499999999998437,0.273,0.0,0.05613544469932769,0.0,0.0,0.0,passenger vehicle,a vehicle carrying many passengers; used for public transport,i51285
es,0.4932432214724744,2,0.28238619896565664,0,1,"passenger vehicle, coach, bus",2,1,1,7.0,0.2,2.04e-05,1.0,0.41666666666663194,0.2,0.0,0.023956299187047645,0.05405405405405259,0.0,0.0,passenger vehicle,a vehicle carrying many passengers; used for public transport,i51285
en,0.4732149461269363,2,0.4997629409339128,0,1,"passenger vehicle, coach, bus",3,10,18,8.333333333333334,0.49666666666666665,5.856666666666666e-05,3.3333333333333335,0.53333333333328,0.49666666666666665,0.33333333333328574,0.1224488283531609,0.014999999999999925,0.8181818181817438,0.809523809523771,passenger vehicle,a vehicle carrying many passengers; used for public transport,i51285
it,0.4044470954602214,2,0.1447168211363072,0,0,"passenger vehicle, coach, bus",3,7,9,7.75,0.57625,1.0059725e-05,1.5,0.4107142857142564,0.57625,0.0,0.009461264856964226,0.04109589041095835,0.5454545454544959,0.1093749999999983,passenger vehicle,a vehicle carrying many passengers; used for public transport,i51285
en,0.4434308188887107,2,0.03361187827116836,0,0,cathedral,2,1,2,9.0,0.865,9.77e-06,2.0,0.59999999999994,0.865,0.14285714285712245,0.014158584997761734,0.00999999999999995,0.0,0.047619047619045354,cathedral,any large and important church,i51645
es,0.4360466664226952,2,0.307655180432986,0,1,cathedral,0,1,2,8.0,0.753,1.82e-05,2.0,0.4999999999999583,0.753,0.076923076923071,0.021148421818294055,0.0,0.0,0.07142857142856633,cathedral,any large and important church,i51645
it,0.42416630877899303,2,0.01619864147759356,0,0,cathedral,0,2,3,7.5,0.6445,1.705e-05,1.5,0.3928571428571148,0.6445,0.0,0.016788858285527095,0.0,0.09090909090908264,0.015624999999999757,cathedral,any large and important church,i51645
nb,0.34829431929379406,2,3.5951531745294435e-09,0,0,cathedral,0,1,1,8.0,0.826,1.05e-06,1.0,0.6249999999999218,0.826,0.0,0.0014343677380210525,0.0,0.0,0.0,cathedral,any large and important church,i51645
it,0.5654491567763322,3,0.2681916389446171,0,1,"church building, church",4,1,4,6.0,0.658,0.000191,4.0,0.2857142857142653,0.658,0.16129032258063475,0.1991328829338437,0.05479452054794446,0.0,0.031249999999999514,church building,a place for public (especially Christian) worship,i51914
en,0.5404698368089514,3,0.27119234552581145,0,1,"church building, church",5,2,5,10.5,0.8734999999999999,0.000114,2.5,0.749999999999925,0.8734999999999999,0.21428571428568366,0.24546725495335822,0.024999999999999876,0.09090909090908264,0.19047619047618142,church building,a place for public (especially Christian) worship,i51914
nb,0.4915066654268154,2,0.47992984365893937,0,1,"church building, church",1,3,3,8.333333333333334,0.8083333333333332,3.0011833333333333e-05,1.0,0.6666666666665834,0.8083333333333332,0.0,0.04329020589144781,0.19999999999996,0.6666666666664445,0.16666666666665278,church building,a place for public (especially Christian) worship,i51914
es,0.4571915089568767,2,0.4127527375949157,0,1,"church building, church",3,1,4,7.0,0.758,0.000132,4.0,0.41666666666663194,0.758,0.23076923076921302,0.16639226025654777,0.08108108108107888,0.0,0.21428571428569898,church building,a place for public (especially Christian) worship,i51914
nb,0.592390722654016,3,0.47196518384217007,1,1,"crown, diadem",0,1,1,5.0,0.792,1.48e-05,1.0,0.24999999999996875,0.792,0.0,0.021305961085919766,0.0,0.0,0.0,crown,an ornamental jeweled headdress signifying sovereignty,i52549
it,0.4436719519126548,2,0.1340368720055445,0,0,"crown, diadem",1,2,14,6.5,0.48750000000000004,1.2896e-05,7.0,0.32142857142854847,0.48750000000000004,0.35483870967739645,0.012434405406026623,0.013698630136986115,0.09090909090908264,0.18749999999999709,crown,an ornamental jeweled headdress signifying sovereignty,i52549
es,0.4384184439549058,2,0.1987265077575761,0,0,"crown, diadem",0,1,6,6.0,0.2,2.95e-05,6.0,0.33333333333330556,0.2,0.38461538461535505,0.03557070103052839,0.0,0.0,0.3571428571428316,crown,an ornamental jeweled headdress signifying sovereignty,i52549
en,0.4310376315771949,2,0.2436169882571381,0,0,"crown, diadem",1,2,13,5.5,0.42700000000000005,1.82725e-05,6.5,0.249999999999975,0.42700000000000005,0.7857142857141735,0.03302745160332116,0.004999999999999975,0.09090909090908264,0.5714285714285443,crown,an ornamental jeweled headdress signifying sovereignty,i52549
en,0.593170457818119,3,0.17860657744106767,0,1,farm,13,1,1,4.0,0.204,5.62e-05,1.0,0.09999999999999,0.204,0.0,0.11719668867269548,0.06499999999999968,0.0,0.0,farm,workplace consisting of farm buildings and cultivated land as a unit,i53601
nb,0.5231116009698707,3,0.5366373817227359,0,1,farm,1,3,5,8.0,0.6186666666666667,6.159566666666667e-06,1.6666666666666667,0.6249999999999218,0.6186666666666667,0.07407407407406585,0.008818748173219478,0.19999999999996,0.6666666666664445,0.33333333333330556,farm,workplace consisting of farm buildings and cultivated land as a unit,i53601
it,0.4095174887312205,2,0.1438714707002685,0,0,farm,9,4,12,9.0,0.7306666666666667,6.7666666666666665e-06,3.6666666666666665,0.4999999999999643,0.7306666666666667,0.1397849462365501,0.006009298717834145,0.12328767123287503,0.27272727272724795,0.15624999999999759,farm,workplace consisting of farm buildings and cultivated land as a unit,i53601
es,0.32559235368877776,2,0.5664887796279718,0,0,farm,4,4,15,7.666666666666667,0.8093333333333333,1.5083333333333333e-05,4.333333333333333,0.4722222222221829,0.8093333333333333,0.2564102564102367,0.017170595545893143,0.10810810810810519,0.7499999999998125,0.9999999999999286,farm,workplace consisting of farm buildings and cultivated land as a unit,i53601
nb,0.5300785067777766,3,0.23598313783906485,0,1,guitar,0,1,1,5.0,0.694,1.32e-05,1.0,0.24999999999996875,0.694,0.0,0.018993630223618826,0.0,0.0,0.0,guitar,a stringed instrument usually having six strings; played by strumming or plucking,i54496
es,0.4794703189015905,2,0.314888914521684,0,1,guitar,1,1,2,8.0,0.197,1.86e-05,2.0,0.4999999999999583,0.197,0.076923076923071,0.021658944976249258,0.027027027027026296,0.0,0.07142857142856633,guitar,a stringed instrument usually having six strings; played by strumming or plucking,i54496
en,0.4763108879814582,2,0.0050908606140601595,0,0,guitar,6,1,1,6.0,0.592,3.02e-05,1.0,0.29999999999997,0.592,0.0,0.05949712598589218,0.02999999999999985,0.0,0.0,guitar,a stringed instrument usually having six strings; played by strumming or plucking,i54496
it,0.4503475783509418,2,0.0059750991087788845,0,0,guitar,2,1,2,8.0,0.2,1.91e-05,2.0,0.42857142857139796,0.2,0.03225806451612695,0.018937781829815967,0.02739726027397223,0.0,0.0,guitar,a stringed instrument usually having six strings; played by strumming or plucking,i54496
it,0.4547239606178055,2,0.0029867624818564753,0,0,"lodge, inn, hostel",1,1,2,7.0,0.202,3.31e-06,2.0,0.3571428571428316,0.202,0.03225806451612695,0.002385829261854375,0.013698630136986115,0.0,0.0,lodge,a hotel providing overnight lodging for travelers,i54942
nb,0.45084383133153705,2,0.0,0,0,"lodge, inn, hostel",0,1,1,3.0,0.446,2.14e-06,1.0,0.0,0.446,0.0,0.0030096431379635687,0.0,0.0,0.0,lodge,a hotel providing overnight lodging for travelers,i54942
en,0.4288156386925729,2,0.19205493258659467,0,0,"lodge, inn, hostel",4,5,11,4.666666666666667,0.523,8.796666666666667e-06,3.0,0.16666666666665003,0.523,0.2857142857142449,0.011998550086922431,0.0199999999999999,0.36363636363633056,0.47619047619045357,lodge,a hotel providing overnight lodging for travelers,i54942
es,0.3813921616227662,2,0.6976033309470924,0,1,"lodge, inn, hostel",1,5,8,7.666666666666667,0.5656666666666667,3.6666666666666666e-06,2.0,0.4722222222221829,0.5656666666666667,0.076923076923071,0.002599413745921881,0.027027027027026296,0.99999999999975,0.4999999999999643,lodge,a hotel providing overnight lodging for travelers,i54942
nb,0.5522923368654467,3,0.2359803405615163,0,1,"boiler, kettle",0,1,1,5.0,0.472,2.19e-06,1.0,0.24999999999996875,0.472,0.0,0.003081903477410474,0.0,0.0,0.0,boiler,a metal pot for stewing or boiling; usually has a lid,i55356
en,0.4500221500664832,2,0.10389768097291487,0,0,"boiler, kettle",1,2,6,6.0,0.46699999999999997,4.2999999999999995e-06,3.0,0.29999999999997,0.46699999999999997,0.2857142857142449,0.002019484694038114,0.004999999999999975,0.09090909090908264,0.23809523809522679,boiler,a metal pot for stewing or boiling; usually has a lid,i55356
it,0.428378628985529,2,0.04751960739984252,0,0,"boiler, kettle",0,2,6,8.0,0.47050000000000003,2.389e-06,3.0,0.42857142857139796,0.47050000000000003,0.09677419354838085,0.0014203860500055703,0.0,0.09090909090908264,0.06249999999999903,boiler,a metal pot for stewing or boiling; usually has a lid,i55356
es,0.40555664951853887,2,2.6097676418864267e-08,0,0,"boiler, kettle",0,1,1,7.0,0.73,4.57e-06,1.0,0.41666666666663194,0.73,0.0,0.0037523452109707025,0.0,0.0,0.0,boiler,a metal pot for stewing or boiling; usually has a lid,i55356
en,0.5541685716952175,3,0.29071279515195525,0,1,"horse, knight",0,2,7,5.5,0.2,3.83e-05,3.5,0.249999999999975,0.2,0.35714285714280614,0.07747275897678091,0.0,0.09090909090908264,0.28571428571427215,horse,a chessman shaped to resemble the head of a horse; can move two squares horizontally and one vertically (or vice versa),i55427
nb,0.5378827961783906,3,0.367085857113534,0,1,"horse, knight",0,2,3,6.0,0.6145,1.4874999999999999e-05,1.5,0.37499999999995315,0.6145,0.055555555555549384,0.02141435159509012,0.0,0.33333333333322224,0.16666666666665278,horse,a chessman shaped to resemble the head of a horse; can move two squares horizontally and one vertically (or vice versa),i55427
it,0.46380773811481574,2,0.08739301147454244,0,0,"horse, knight",0,1,7,7.0,0.198,4.68e-05,7.0,0.3571428571428316,0.198,0.35483870967739645,0.047974456062402165,0.0,0.0,0.07812499999999879,horse,a chessman shaped to resemble the head of a horse; can move two squares horizontally and one vertically (or vice versa),i55427
es,0.42447618886213234,2,0.278225013595067,0,0,"horse, knight",0,1,8,7.0,0.198,3.63e-05,8.0,0.41666666666663194,0.198,0.538461538461497,0.04424959471576674,0.0,0.0,0.4999999999999643,horse,a chessman shaped to resemble the head of a horse; can move two squares horizontally and one vertically (or vice versa),i55427
es,0.4812436525967764,2,0.4053167100998396,0,1,"monument, memorial",8,1,3,9.0,0.206,1.74e-05,3.0,0.5833333333332847,0.206,0.153846153846142,0.020127375502383662,0.21621621621621037,0.0,0.14285714285713266,monument,a structure erected to commemorate persons or events,i56131
en,0.4454126061377203,2,0.11313046791370818,0,0,"monument, memorial",12,2,6,8.0,0.529,1.682e-05,3.0,0.49999999999995,0.529,0.2857142857142449,0.029804043341683403,0.0599999999999997,0.09090909090908264,0.23809523809522679,monument,a structure erected to commemorate persons or events,i56131
it,0.37953660421677843,2,0.05352202161308228,0,0,"monument, memorial",9,2,4,16.0,0.5075000000000001,1.077e-05,2.0,0.9999999999999286,0.5075000000000001,0.03225806451612695,0.010205814452290947,0.12328767123287503,0.09090909090908264,0.031249999999999514,monument,a structure erected to commemorate persons or events,i56131
nb,0.31093165908983983,2,1.4136442062697463e-08,0,0,"monument, memorial",0,1,1,11.0,0.858,1.38e-06,1.0,0.999999999999875,0.858,0.0,0.0019112859783706215,0.0,0.0,0.0,monument,a structure erected to commemorate persons or events,i56131
en,0.4542285912508891,2,0.0033516037338085993,0,0,monastery,4,1,1,9.0,0.661,4.47e-06,1.0,0.59999999999994,0.661,0.0,0.00239675106545183,0.0199999999999999,0.0,0.0,monastery,the residence of a religious community,i56337
it,0.413048010591936,2,0.09526058125373275,0,0,monastery,2,2,10,8.5,0.813,1.4e-05,5.0,0.4642857142856811,0.813,0.22580645161288865,0.01359167935378024,0.02739726027397223,0.09090909090908264,0.12499999999999806,monastery,the residence of a religious community,i56337
es,0.41158927709239174,2,0.4051787972758424,0,1,monastery,3,2,3,9.0,0.8280000000000001,1.3000000000000001e-05,1.5,0.5833333333332847,0.8280000000000001,0.0384615384615355,0.014511620764876491,0.08108108108107888,0.2499999999999375,0.14285714285713266,monastery,the residence of a religious community,i56337
nb,0.3676220544584108,2,0.09308148903907283,0,0,monastery,1,1,2,7.0,0.885,4.9e-06,2.0,0.4999999999999375,0.885,0.11111111111109877,0.006998413875432693,0.19999999999996,0.0,0.08333333333332639,monastery,the residence of a religious community,i56337
en,0.4554404356754339,2,0.15967032761870648,0,0,mosaic,0,1,6,6.0,0.206,3.8e-06,6.0,0.29999999999997,0.206,0.7142857142856123,0.0009098777192918981,0.0,0.0,0.23809523809522679,mosaic,art consisting of a design made of small pieces of colored stone or glass,i56381
it,0.4489452605403331,2,0.047519606871398556,0,0,mosaic,0,2,6,7.0,0.2025,2.625e-06,3.0,0.3571428571428316,0.2025,0.09677419354838085,0.001667774321445655,0.0,0.09090909090908264,0.06249999999999903,mosaic,art consisting of a design made of small pieces of colored stone or glass,i56381
es,0.43383875712674314,2,0.1192310755704294,0,0,mosaic,0,1,4,7.0,0.2,2.75e-06,4.0,0.41666666666663194,0.2,0.23076923076921302,0.0014294648422745531,0.0,0.0,0.21428571428569898,mosaic,art consisting of a design made of small pieces of colored stone or glass,i56381
nb,0.36279586266987207,2,2.1309600513131255e-10,0,0,mosaic,0,1,1,7.0,0.799,4.79e-07,1.0,0.4999999999999375,0.799,0.0,0.0006091546615374043,0.0,0.0,0.0,mosaic,art consisting of a design made of small pieces of colored stone or glass,i56381
en,0.5828095690388507,3,0.6185770783898543,1,1,"painting, picture",20,2,14,7.5,0.771,8.74e-05,7.0,0.449999999999955,0.771,0.8571428571427346,0.18643616389685944,0.0999999999999995,0.09090909090908264,0.6190476190475896,painting,graphic art consisting of an artistic composition made by applying paints to a surface,i56911
it,0.5504608699734022,3,0.3342678134524352,0,1,"painting, picture",16,2,8,6.5,0.698,3.195e-05,4.0,0.32142857142854847,0.698,0.16129032258063475,0.03240786355865108,0.21917808219177784,0.09090909090908264,0.09374999999999854,painting,graphic art consisting of an artistic composition made by applying paints to a surface,i56911
nb,0.5143235365632267,3,0.23598059567914154,0,1,"painting, picture",0,1,1,6.0,0.704,5.25e-06,1.0,0.37499999999995315,0.704,0.0,0.007504236251561023,0.0,0.0,0.0,painting,graphic art consisting of an artistic composition made by applying paints to a surface,i56911
es,0.4179770084159478,2,0.6113082249413611,0,1,"painting, picture",3,2,10,6.5,0.7545,3.43e-05,5.0,0.37499999999996875,0.7545,0.307692307692284,0.04169697892599075,0.08108108108107888,0.2499999999999375,0.6428571428570969,painting,graphic art consisting of an artistic composition made by applying paints to a surface,i56911
nb,0.4707993135328998,2,0.2359806617190704,0,1,"patio, terrace",0,1,1,8.0,0.861,4.47e-06,1.0,0.6249999999999218,0.861,0.0,0.006376974956189316,0.0,0.0,0.0,patio,usually paved outdoor area adjoining a residence,i57055
es,0.45944708724750377,2,0.039747370752997856,0,0,"patio, terrace",0,1,2,5.0,0.205,2.51e-05,2.0,0.24999999999997916,0.205,0.076923076923071,0.029954946293021215,0.0,0.0,0.07142857142856633,patio,usually paved outdoor area adjoining a residence,i57055
en,0.455800497946124,2,0.06397973493672961,0,0,"patio, terrace",1,2,4,6.0,0.526,5.17e-06,2.0,0.29999999999997,0.526,0.14285714285712245,0.003950200830096533,0.004999999999999975,0.09090909090908264,0.14285714285713608,patio,usually paved outdoor area adjoining a residence,i57055
it,0.4212496474801337,2,0.06019896508876101,0,0,"patio, terrace",0,3,7,7.0,0.6557499999999999,5.557e-06,2.25,0.3571428571428316,0.6557499999999999,0.048387096774190425,0.0047412591174724695,0.0,0.18181818181816528,0.07812499999999879,patio,usually paved outdoor area adjoining a residence,i57055
en,0.448058676008977,2,0.03947834467964238,0,0,sculpture,9,1,2,9.0,0.756,8.32e-06,2.0,0.59999999999994,0.756,0.14285714285712245,0.010940724770997704,0.044999999999999776,0.0,0.047619047619045354,sculpture,a three-dimensional work of plastic art,i58585
es,0.4323727651940861,2,0.3438490725864228,0,1,sculpture,5,1,2,9.0,0.811,7.24e-06,2.0,0.5833333333332847,0.811,0.076923076923071,0.007160087290321646,0.13513513513513148,0.0,0.07142857142856633,sculpture,a three-dimensional work of plastic art,i58585
it,0.42549877164425925,2,0.041372210899950926,0,0,sculpture,8,1,3,8.0,0.852,1.02e-05,3.0,0.42857142857139796,0.852,0.09677419354838085,0.009608308881439896,0.10958904109588892,0.0,0.015624999999999757,sculpture,a three-dimensional work of plastic art,i58585
nb,0.3486303373221176,2,0.094392149361103,0,0,sculpture,2,1,1,8.0,0.895,1.66e-06,1.0,0.6249999999999218,0.895,0.0,0.0023159438792732866,0.39999999999992,0.0,0.0,sculpture,a three-dimensional work of plastic art,i58585
nb,0.6212200846576318,3,0.2359803324104408,0,1,ski,0,1,1,3.0,0.185,6.31e-05,1.0,0.0,0.185,0.0,0.09110944899162944,0.0,0.0,0.0,ski,narrow wood or metal or plastic runners used in pairs for gliding over snow,i58996
en,0.4898825713831369,2,0.0008367630734496017,0,0,ski,1,1,1,3.0,0.389,1.35e-05,1.0,0.0,0.389,0.0,0.022436253029368514,0.004999999999999975,0.0,0.0,ski,narrow wood or metal or plastic runners used in pairs for gliding over snow,i58996
it,0.48855452677610967,2,0.03793732570169457,0,0,ski,1,1,4,3.0,0.185,1.23e-05,4.0,0.07142857142856633,0.185,0.16129032258063475,0.011809645195101665,0.013698630136986115,0.0,0.031249999999999514,ski,narrow wood or metal or plastic runners used in pairs for gliding over snow,i58996
es,0.3462698216094709,2,1.667991453170676e-08,0,0,ski,0,1,1,14.0,0.802,3.59e-06,1.0,0.9999999999999166,0.802,0.0,0.0025015634739804678,0.0,0.0,0.0,ski,narrow wood or metal or plastic runners used in pairs for gliding over snow,i58996
en,0.46295974326263123,2,0.00586972732583487,0,0,statue,7,1,1,6.0,0.849,1.23e-05,1.0,0.29999999999997,0.849,0.0,0.019773196289977597,0.03499999999999982,0.0,0.0,statue,a sculpture representing a human or animal,i59503
it,0.4381874374430181,2,0.0029911795710939014,0,0,statue,1,1,2,6.0,0.729,2.14e-05,2.0,0.2857142857142653,0.729,0.03225806451612695,0.02134876922096933,0.013698630136986115,0.0,0.0,statue,a sculpture representing a human or animal,i59503
es,0.37985923834738716,2,0.40999127151093623,0,0,statue,0,2,13,6.5,0.5045,3.59e-05,6.5,0.37499999999996875,0.5045,0.42307692307689054,0.043739071557811544,0.0,0.2499999999999375,0.8571428571427959,statue,a sculpture representing a human or animal,i59503
nb,0.3389133668535612,2,0.09832514830059458,0,0,statue,0,2,2,9.0,0.847,1.35115e-06,1.0,0.7499999999999063,0.847,0.0,0.0018695917625097577,0.0,0.33333333333322224,0.08333333333332639,statue,a sculpture representing a human or animal,i59503
nb,0.5555579901579287,3,0.2359816279344368,0,1,"brand, steel, sword",0,1,1,5.0,0.461,1.17e-05,1.0,0.24999999999996875,0.461,0.0,0.016825820040211693,0.0,0.0,0.0,brand,a cutting or thrusting weapon that has a long metal blade and a hilt with a hand guard,i59896
en,0.511237971734212,3,0.41983226466668033,0,1,"brand, steel, sword",8,4,19,5.0,0.505,4.743333333333333e-05,3.3333333333333335,0.19999999999998,0.505,0.33333333333328574,0.09774157971547846,0.0399999999999998,0.27272727272724795,0.8571428571428164,brand,a cutting or thrusting weapon that has a long metal blade and a hilt with a hand guard,i59896
it,0.4413280920194394,2,0.20862433250971002,0,0,"brand, steel, sword",4,5,22,5.25,0.4445,2.1635925e-05,5.5,0.23214285714284055,0.4445,0.2580645161290156,0.021596078873255358,0.05479452054794446,0.36363636363633056,0.31249999999999517,brand,a cutting or thrusting weapon that has a long metal blade and a hilt with a hand guard,i59896
es,0.4258596418067313,2,0.0831973841989748,0,0,"brand, steel, sword",6,1,2,6.0,0.707,2.14e-05,2.0,0.33333333333330556,0.707,0.076923076923071,0.025232607081935636,0.16216216216215776,0.0,0.07142857142856633,brand,a cutting or thrusting weapon that has a long metal blade and a hilt with a hand guard,i59896
en,0.4420204727576138,2,0.06470615421809879,0,0,umbrella,1,1,3,8.0,0.856,7.76e-06,3.0,0.49999999999995,0.856,0.2857142857142449,0.009697964959281942,0.004999999999999975,0.0,0.09523809523809071,umbrella,a lightweight handheld collapsible canopy,i60698
it,0.40427163739185923,2,0.059668946837688544,0,0,umbrella,1,3,7,9.25,0.6765,1.5048000000000002e-06,2.0,0.5178571428571058,0.6765,0.03225806451612695,0.0004935186364152199,0.013698630136986115,0.18181818181816528,0.07812499999999879,umbrella,a lightweight handheld collapsible canopy,i60698
es,0.3975142668122246,2,1.571725185958126e-07,0,0,umbrella,0,1,1,8.0,0.734,6.03e-06,1.0,0.4999999999999583,0.734,0.0,0.005615754737507173,0.0,0.0,0.0,umbrella,a lightweight handheld collapsible canopy,i60698
nb,0.3597115027293181,2,2.3088658819026745e-08,0,0,umbrella,0,1,1,7.0,0.832,2.04e-06,1.0,0.4999999999999375,0.832,0.0,0.0028651224590697604,0.0,0.0,0.0,umbrella,a lightweight handheld collapsible canopy,i60698
it,0.6319073821230605,3,0.6124618783229877,1,1,"religious belief, faith, religion",16,2,16,7.0,0.594,5.235e-05,6.333333333333333,0.3571428571428316,0.594,0.31182795698922716,0.053792273462793985,0.21917808219177784,0.09090909090908264,0.2187499999999966,religious belief,a strong belief in a supernatural power or powers that control human destiny,i68078
nb,0.593777878813174,3,0.2359803324104408,1,0,"religious belief, faith, religion",0,1,1,3.0,0.446,0.000324,1.0,0.0,0.446,0.0,0.4681639002255767,0.0,0.0,0.0,religious belief,a strong belief in a supernatural power or powers that control human destiny,i68078
en,0.5280146199891477,3,0.3004320915854376,0,1,"religious belief, faith, religion",26,3,7,9.666666666666666,0.6466666666666666,4.72e-05,2.3333333333333335,0.6666666666665999,0.6466666666666666,0.1904761904761633,0.09722376312726358,0.12999999999999937,0.18181818181816528,0.28571428571427215,religious belief,a strong belief in a supernatural power or powers that control human destiny,i68078
es,0.4472324614258894,2,0.672897748019035,0,1,"religious belief, faith, religion",7,3,10,5.0,0.47433333333333333,4.476666666666667e-05,3.3333333333333335,0.24999999999997916,0.47433333333333333,0.1794871794871657,0.05505566822581843,0.18918918918918406,0.499999999999875,0.6428571428570969,religious belief,a strong belief in a supernatural power or powers that control human destiny,i68078
nb,0.5720722676248644,3,0.2359829954854514,0,1,"theatre, dramatic art, theater",0,1,1,6.0,0.205,1.7e-05,1.0,0.37499999999995315,0.205,0.0,0.02448541602158356,0.0,0.0,0.0,theatre,the art of writing and producing plays,i73479
en,0.512057062412242,3,0.333294351640046,0,1,"theatre, dramatic art, theater",1,5,10,8.666666666666666,0.4116666666666666,2.606666666666667e-05,2.3333333333333335,0.5666666666666099,0.4116666666666666,0.1904761904761633,0.050324374994656786,0.004999999999999975,0.36363636363633056,0.4285714285714082,theatre,the art of writing and producing plays,i73479
it,0.508323507981011,3,0.2805113213725046,0,1,"theatre, dramatic art, theater",0,2,9,10.0,0.6076666666666667,3.159666666666667e-05,3.3333333333333335,0.5714285714285307,0.6076666666666667,0.11827956989246549,0.03203747998841593,0.0,0.09090909090908264,0.1093749999999983,theatre,the art of writing and producing plays,i73479
es,0.4878309313566609,2,0.47396869675989234,0,1,"theatre, dramatic art, theater",1,1,6,6.0,0.202,6.76e-05,6.0,0.33333333333330556,0.202,0.38461538461535505,0.08419803182576097,0.027027027027026296,0.0,0.3571428571428316,theatre,the art of writing and producing plays,i73479
nb,0.5664623593191389,3,0.5462512782962932,0,1,"moving ridge, wave",0,3,7,5.666666666666667,0.5656666666666667,7.2933333333333335e-06,2.3333333333333335,0.3333333333332917,0.5656666666666667,0.1481481481481317,0.01045727545695785,0.0,0.6666666666664445,0.4999999999999583,moving ridge,one of a series of ridges that moves across the surface of a liquid (especially across a large body of water),i75330
it,0.5644785633376606,3,0.3163318514720336,0,1,"moving ridge, wave",10,2,8,5.0,0.476,2.4006e-05,4.0,0.21428571428569898,0.476,0.16129032258063475,0.02408052276068484,0.13698630136986115,0.09090909090908264,0.09374999999999854,moving ridge,one of a series of ridges that moves across the surface of a liquid (especially across a large body of water),i75330
en,0.49862805135060007,2,0.36150962931780756,1,0,"moving ridge, wave",13,2,10,8.0,0.528,2.67e-05,5.0,0.49999999999995,0.528,0.5714285714284898,0.05172987716266866,0.06499999999999968,0.09090909090908264,0.4285714285714082,moving ridge,one of a series of ridges that moves across the surface of a liquid (especially across a large body of water),i75330
es,0.4778532313458492,2,0.1481937073318548,0,0,"moving ridge, wave",4,1,4,3.0,0.18,1.62e-05,4.0,0.08333333333332639,0.18,0.23076923076921302,0.018595806028518073,0.10810810810810519,0.0,0.21428571428569898,moving ridge,one of a series of ridges that moves across the surface of a liquid (especially across a large body of water),i75330
en,0.6939531730252476,3,0.49392088059885064,1,1,party,11,1,5,5.0,0.207,0.000309,5.0,0.19999999999998,0.207,0.5714285714284898,0.678213975104383,0.05499999999999973,0.0,0.19047619047618142,party,an occasion on which people can assemble for social interaction and entertainment,i75850
nb,0.664471706811508,3,0.9528039335155615,1,1,party,0,3,13,5.666666666666667,0.6749999999999999,4.47e-05,4.333333333333333,0.3333333333332917,0.6749999999999999,0.37037037037032916,0.06451764407516862,0.0,0.6666666666664445,0.9999999999999166,party,an occasion on which people can assemble for social interaction and entertainment,i75850
it,0.6130985875736956,3,0.5499699624617996,1,1,party,4,3,12,7.0,0.5706666666666667,4.88e-05,4.0,0.3571428571428316,0.5706666666666667,0.16129032258063475,0.05007096683731814,0.05479452054794446,0.18181818181816528,0.15624999999999759,party,an occasion on which people can assemble for social interaction and entertainment,i75850
es,0.48338731884073544,2,0.4245838266438878,1,0,party,5,1,4,6.0,0.758,9.77e-05,4.0,0.33333333333330556,0.758,0.23076923076921302,0.12261489946188957,0.13513513513513148,0.0,0.21428571428569898,party,an occasion on which people can assemble for social interaction and entertainment,i75850
en,0.5444746839403818,3,0.16982953490448502,0,1,breakfast,2,1,1,9.0,0.874,4.07e-05,1.0,0.59999999999994,0.874,0.0,0.08279887245556275,0.00999999999999995,0.0,0.0,breakfast,the first meal of the day (usually in the morning),i76564
es,0.49086337219996096,2,0.7396817685257322,1,1,breakfast,0,2,6,8.0,0.487,1.925e-05,3.0,0.4999999999999583,0.487,0.153846153846142,0.02248854510792645,0.0,0.2499999999999375,0.3571428571428316,breakfast,the first meal of the day (usually in the morning),i76564
nb,0.48709325584981056,2,0.23602905013484754,0,1,breakfast,0,1,1,7.0,0.871,2.51e-05,1.0,0.4999999999999375,0.871,0.0,0.03619159101198208,0.0,0.0,0.0,breakfast,the first meal of the day (usually in the morning),i76564
it,0.4011348263032747,2,0.026687635281565765,0,0,breakfast,0,2,4,12.0,0.5015000000000001,3.93e-05,2.0,0.7142857142856632,0.5015000000000001,0.03225806451612695,0.04011254065646728,0.0,0.09090909090908264,0.031249999999999514,breakfast,the first meal of the day (usually in the morning),i76564
nb,0.5950516242304826,3,0.6502595986800953,1,1,pastry,1,2,3,5.5,0.8415,1.13295e-05,1.5,0.3124999999999609,0.8415,0.055555555555549384,0.01629037092491013,0.19999999999996,0.33333333333322224,0.16666666666665278,pastry,any of various baked foods made of dough or batter,i76902
it,0.48272686820309973,2,0.05586571398963301,0,0,pastry,7,1,4,5.0,0.206,3.89e-05,4.0,0.21428571428569898,0.206,0.16129032258063475,0.03969323850148408,0.0958904109589028,0.0,0.031249999999999514,pastry,any of various baked foods made of dough or batter,i76902
en,0.46458719701742646,2,0.04618356609801779,0,0,pastry,17,1,2,6.0,0.636,3.39e-06,2.0,0.29999999999997,0.636,0.14285714285712245,0.0,0.08499999999999958,0.0,0.047619047619045354,pastry,any of various baked foods made of dough or batter,i76902
es,0.3959071269324609,2,0.14403607518877495,0,0,pastry,8,2,2,8.0,0.7415,1.795e-06,1.0,0.4999999999999583,0.7415,0.0,0.00021059080265651913,0.21621621621621037,0.2499999999999375,0.07142857142856633,pastry,any of various baked foods made of dough or batter,i76902
en,0.5382936412007585,3,0.27964920313147834,0,1,"ham, jambon, gammon",2,3,7,5.0,0.418,4.522233333333333e-06,2.3333333333333335,0.19999999999998,0.418,0.1904761904761633,0.00251266800741365,0.00999999999999995,0.18181818181816528,0.28571428571427215,ham,meat cut from the thigh of a hog (usually smoked),i77246
es,0.46171477918509407,2,3.0002843973448783e-08,0,0,"ham, jambon, gammon",0,1,1,5.0,0.191,7.24e-06,1.0,0.24999999999997916,0.191,0.0,0.007160087290321646,0.0,0.0,0.0,ham,meat cut from the thigh of a hog (usually smoked),i77246
it,0.40455613892354136,2,0.0,0,0,"ham, jambon, gammon",0,1,2,10.0,0.764,7.59e-06,2.0,0.5714285714285307,0.764,0.03225806451612695,0.0068723623201745535,0.0,0.0,0.0,ham,meat cut from the thigh of a hog (usually smoked),i77246
nb,0.38927920391521825,2,1.1544318744970035e-07,0,0,"ham, jambon, gammon",0,1,1,6.0,0.669,4.07e-06,1.0,0.37499999999995315,0.669,0.0,0.00579889224061408,0.0,0.0,0.0,ham,meat cut from the thigh of a hog (usually smoked),i77246
it,0.5052510966808922,3,0.2530062703308681,1,0,"bean, edible bean",0,1,4,7.0,0.811,1.51e-06,4.0,0.3571428571428316,0.811,0.16129032258063475,0.000498969564430001,0.0,0.0,0.031249999999999514,bean,any of various edible seeds of plants of the family Leguminosae used for food,i77610
es,0.4630584394215134,2,0.5673323139813702,0,1,"bean, edible bean",1,2,9,5.5,0.1905,3.851e-06,4.5,0.29166666666664237,0.1905,0.2692307692307485,0.0028346798345462347,0.027027027027026296,0.2499999999999375,0.5714285714285307,bean,any of various edible seeds of plants of the family Leguminosae used for food,i77610
en,0.44633610563669324,2,0.08561535627459331,0,0,"bean, edible bean",3,2,5,7.5,0.5345,6.25e-06,2.5,0.449999999999955,0.5345,0.21428571428568366,0.006346951895548364,0.014999999999999925,0.09090909090908264,0.19047619047618142,bean,any of various edible seeds of plants of the family Leguminosae used for food,i77610
nb,0.40284937754162853,2,1.740590430240945e-10,0,0,"bean, edible bean",0,1,1,5.0,0.651,5.89e-07,1.0,0.24999999999996875,0.651,0.0,0.000768127408320594,0.0,0.0,0.0,bean,any of various edible seeds of plants of the family Leguminosae used for food,i77610
en,0.562042936512452,3,0.221527328012249,0,1,cheese,26,1,2,6.0,0.677,3.72e-05,2.0,0.29999999999997,0.677,0.14285714285712245,0.07503162363233923,0.12999999999999937,0.0,0.047619047619045354,cheese,a solid food prepared from the pressed curd of milk,i78427
nb,0.5416586979132433,3,0.33430679240246214,0,1,cheese,0,2,2,5.5,0.569,1.02e-05,1.0,0.3124999999999609,0.569,0.0,0.014658009856804561,0.0,0.33333333333322224,0.08333333333332639,cheese,a solid food prepared from the pressed curd of milk,i78427
es,0.5148945011561259,3,0.29686951424975816,0,1,cheese,4,1,1,5.0,0.199,2.82e-05,1.0,0.24999999999997916,0.199,0.0,0.033911500767173995,0.10810810810810519,0.0,0.0,cheese,a solid food prepared from the pressed curd of milk,i78427
it,0.4380683693120524,2,0.056508314506191426,0,0,cheese,10,2,4,7.0,0.667,9.7775e-06,2.0,0.3571428571428316,0.667,0.03225806451612695,0.009165420980238898,0.13698630136986115,0.09090909090908264,0.031249999999999514,cheese,a solid food prepared from the pressed curd of milk,i78427
nb,0.5843423555576872,3,0.5309599931779353,0,1,beer,0,4,4,3.6666666666666665,0.5063333333333333,2.4230333333333334e-05,1.0,0.08333333333332289,0.5063333333333333,0.0,0.03493474284120225,0.0,0.9999999999996666,0.24999999999997916,beer,a general name for alcoholic beverages made by fermenting a cereal (or mixture of cereals) flavored with hops,i78683
en,0.5017247351251831,3,0.0033951057407736033,0,0,beer,4,1,1,4.0,0.233,5.01e-05,1.0,0.09999999999999,0.233,0.0,0.10365948358079163,0.0199999999999999,0.0,0.0,beer,a general name for alcoholic beverages made by fermenting a cereal (or mixture of cereals) flavored with hops,i78683
it,0.4759355869216705,2,0.023453691891665535,0,0,beer,2,1,3,5.0,0.195,3.63e-05,3.0,0.21428571428569898,0.195,0.09677419354838085,0.036967774494093324,0.02739726027397223,0.0,0.015624999999999757,beer,a general name for alcoholic beverages made by fermenting a cereal (or mixture of cereals) flavored with hops,i78683
es,0.4195968535211553,2,0.029012554388473298,0,0,beer,4,1,1,7.0,0.694,3.31e-05,1.0,0.41666666666663194,0.694,0.0,0.040165409452125156,0.10810810810810519,0.0,0.0,beer,a general name for alcoholic beverages made by fermenting a cereal (or mixture of cereals) flavored with hops,i78683
it,0.60197420419094,3,0.2688534415705059,0,1,"vino, wine",17,1,2,4.0,0.19,6.46e-05,2.0,0.14285714285713266,0.19,0.03225806451612695,0.0666334019591543,0.23287671232876395,0.0,0.0,vino,fermented juice (of grapes especially),i78715
en,0.5774790594059244,3,0.23096151412957333,0,1,"vino, wine",24,2,3,4.0,0.1865,2.77945e-05,1.5,0.09999999999999,0.1865,0.07142857142856122,0.05415880683038812,0.1199999999999994,0.09090909090908264,0.09523809523809071,vino,fermented juice (of grapes especially),i78715
nb,0.5629189687901992,3,0.3670863184661641,0,1,"vino, wine",0,2,3,5.0,0.511,1.86e-05,1.5,0.24999999999996875,0.511,0.055555555555549384,0.026797746883884505,0.0,0.33333333333322224,0.16666666666665278,vino,fermented juice (of grapes especially),i78715
es,0.537311598877258,3,0.31871751207044674,0,1,"vino, wine",7,1,1,4.0,0.197,9.12e-05,1.0,0.16666666666665278,0.197,0.0,0.1143188981451176,0.18918918918918406,0.0,0.0,vino,fermented juice (of grapes especially),i78715
en,0.5468479667663285,3,0.30168670806170783,0,1,"coffee, java",13,2,7,5.0,0.582,4.12e-05,3.5,0.19999999999998,0.582,0.35714285714280614,0.08390847943030896,0.06499999999999968,0.09090909090908264,0.28571428571427215,coffee,a beverage consisting of an infusion of ground coffee beans,i78981
nb,0.5377259965126077,3,0.33433142601591476,0,1,"coffee, java",0,2,2,5.0,0.6965,2.76145e-05,1.0,0.24999999999996875,0.6965,0.0,0.0398255634827669,0.0,0.33333333333322224,0.08333333333332639,coffee,a beverage consisting of an infusion of ground coffee beans,i78981
it,0.47636659721883434,2,0.1288282867951375,0,0,"coffee, java",8,1,8,5.0,0.507,6.76e-05,8.0,0.21428571428569898,0.507,0.41935483870965035,0.06977816812152826,0.10958904109588892,0.0,0.09374999999999854,coffee,a beverage consisting of an infusion of ground coffee beans,i78981
es,0.46680639576235894,2,0.17350185335452722,0,0,"coffee, java",2,1,5,4.0,0.198,6.46e-05,5.0,0.16666666666665278,0.198,0.307692307692284,0.08036910814109698,0.05405405405405259,0.0,0.2857142857142653,coffee,a beverage consisting of an infusion of ground coffee beans,i78981
en,0.575492364731292,3,0.2995827787740482,0,1,tea,5,1,5,3.0,0.193,5.37e-05,5.0,0.0,0.193,0.5714285714284898,0.1116486537989644,0.024999999999999876,0.0,0.19047619047618142,tea,a beverage made by steeping tea leaves in water,i79004
nb,0.5727883921239582,3,0.33430933288956916,0,1,tea,0,2,2,4.0,0.481,2.087185e-05,1.0,0.12499999999998437,0.481,0.0,0.030081039927333495,0.0,0.33333333333322224,0.08333333333332639,tea,a beverage made by steeping tea leaves in water,i79004
it,0.5669462571127435,3,0.30287339545522796,1,0,tea,2,2,9,2.5,0.197,9.810000000000001e-06,4.5,0.035714285714283166,0.197,0.1935483870967617,0.00919948928033128,0.02739726027397223,0.09090909090908264,0.1093749999999983,tea,a beverage made by steeping tea leaves in water,i79004
es,0.47917485853372277,2,0.12647166841878502,0,0,tea,1,1,4,2.0,0.196,1.95e-05,4.0,0.0,0.196,0.23076923076921302,0.022807622081648448,0.027027027027026296,0.0,0.21428571428569898,tea,a beverage made by steeping tea leaves in water,i79004
en,0.6081893690476917,3,0.6532140059882388,1,1,"sept, family line, family",5,7,18,7.0,0.2996666666666667,0.00022113333333333333,3.6666666666666665,0.39999999999996,0.2996666666666667,0.38095238095232653,0.48321904274231436,0.024999999999999876,0.5454545454544959,0.809523809523771,sept,people descended from a common ancestor,i79200
nb,0.6054295722524999,3,0.7729324931720136,1,1,"sept, family line, family",1,3,5,6.333333333333333,0.8099999999999999,5.087066666666667e-05,1.6666666666666667,0.41666666666661456,0.8099999999999999,0.07407407407406585,0.07343553343410925,0.19999999999996,0.6666666666664445,0.33333333333330556,sept,people descended from a common ancestor,i79200
it,0.596823547341507,3,0.9999999999978195,1,1,"sept, family line, family",4,12,66,6.0,0.5353333333333333,0.00027583333333333333,9.666666666666666,0.2857142857142653,0.5353333333333333,0.5268817204300735,0.28805988163652946,0.05479452054794446,0.9999999999999091,0.9999999999999845,sept,people descended from a common ancestor,i79200
es,0.5014766045053465,3,0.5543287871401718,1,0,"sept, family line, family",3,2,8,6.5,0.19,0.000171785,4.0,0.37499999999996875,0.19,0.23076923076921302,0.2171701698546666,0.08108108108107888,0.2499999999999375,0.4999999999999643,sept,people descended from a common ancestor,i79200
it,0.606631217902945,3,0.5860491929213216,1,1,"village, settlement, small town",0,4,17,7.666666666666667,0.6186666666666666,0.0001442,4.666666666666667,0.40476190476187585,0.6186666666666666,0.20430107526880403,0.15007453080080999,0.0,0.27272727272724795,0.23437499999999636,village,a community of people smaller than a town,i80343
en,0.57914596672198,3,0.5128651859715573,1,1,"village, settlement, small town",1,3,11,9.0,0.7786666666666666,7e-05,3.6666666666666665,0.59999999999994,0.7786666666666666,0.38095238095232653,0.14782184117569105,0.004999999999999975,0.18181818181816528,0.47619047619045357,village,a community of people smaller than a town,i80343
nb,0.5610505827998818,3,0.4719613407379791,1,1,"village, settlement, small town",0,1,1,7.0,0.831,6.17e-06,1.0,0.4999999999999375,0.831,0.0,0.008833826497384066,0.0,0.0,0.0,village,a community of people smaller than a town,i80343
es,0.47312962821392957,2,0.7985919117221433,1,0,"village, settlement, small town",1,1,13,6.0,0.748,0.000324,13.0,0.33333333333330556,0.748,0.9230769230768521,0.41144337607504256,0.027027027027026296,0.0,0.8571428571427959,village,a community of people smaller than a town,i80343
nb,0.5453565864025245,3,0.33537040645503396,0,1,"culture, civilisation, civilization",0,1,3,6.0,0.881,0.000148,3.0,0.37499999999995315,0.881,0.22222222222219754,0.21380750537247312,0.0,0.0,0.16666666666665278,culture,a particular society at a particular time and place,i80699
it,0.5334387113185,3,0.3706920111934561,0,1,"culture, civilisation, civilization",0,2,16,7.0,0.792,0.00010075,8.0,0.3571428571428316,0.792,0.41935483870965035,0.10452783421576048,0.0,0.09090909090908264,0.2187499999999966,culture,a particular society at a particular time and place,i80699
en,0.4147187459837367,2,0.24416331617414344,0,0,"culture, civilisation, civilization",7,3,15,10.333333333333334,0.36966666666666664,3.9846666666666666e-05,5.0,0.73333333333326,0.36966666666666664,0.5714285714284898,0.08090514321866253,0.03499999999999982,0.18181818181816528,0.666666666666635,culture,a particular society at a particular time and place,i80699
es,0.410249415214964,2,0.5176910239704354,0,1,"culture, civilisation, civilization",2,2,7,9.5,0.7304999999999999,9.39e-05,3.5,0.6249999999999479,0.7304999999999999,0.19230769230767752,0.1177649294613152,0.05405405405405259,0.2499999999999375,0.42857142857139796,culture,a particular society at a particular time and place,i80699
it,0.6464239532517982,3,0.512318723755304,1,1,"harbor, harbour, haven",2,1,6,5.0,0.518,0.000107,6.0,0.21428571428569898,0.518,0.29032258064514255,0.11107943038737289,0.02739726027397223,0.0,0.06249999999999903,harbor,a sheltered port where ships can take on or discharge cargo,i82357
nb,0.6064703582009173,3,0.281866012267859,0,1,"harbor, harbour, haven",0,1,2,4.0,0.203,1.51e-05,2.0,0.12499999999998437,0.203,0.11111111111109877,0.021739523122601193,0.0,0.0,0.08333333333332639,harbor,a sheltered port where ships can take on or discharge cargo,i82357
en,0.5086247358110377,3,0.2894237480221167,1,0,"harbor, harbour, haven",5,4,7,6.0,0.47633333333333333,1.2383333333333334e-05,2.0,0.29999999999997,0.47633333333333333,0.14285714285712245,0.01995813078576863,0.024999999999999876,0.27272727272724795,0.28571428571427215,harbor,a sheltered port where ships can take on or discharge cargo,i82357
es,0.4666644141322783,2,0.3242315503020397,0,1,"harbor, harbour, haven",2,1,2,6.0,0.778,0.000115,2.0,0.33333333333330556,0.778,0.076923076923071,0.14469502604345186,0.05405405405405259,0.0,0.07142857142856633,harbor,a sheltered port where ships can take on or discharge cargo,i82357
nb,0.625725463107831,3,0.84447556429785,1,1,countryside,0,3,9,8.666666666666666,0.6476666666666667,0.00011853386666666668,3.0,0.7083333333332447,0.6476666666666667,0.22222222222219754,0.1712228494353849,0.0,0.6666666666664445,0.6666666666666111,countryside,rural regions,i82392
it,0.5346565202506637,3,0.3414072309265876,0,1,countryside,0,1,9,8.0,0.8,0.000107,9.0,0.42857142857139796,0.8,0.48387096774190425,0.11107943038737289,0.0,0.0,0.1093749999999983,countryside,rural regions,i82392
es,0.494720524786222,2,0.7855213265622772,1,0,countryside,0,1,14,5.0,0.205,0.000151,14.0,0.24999999999997916,0.205,0.9999999999999231,0.19064211025941966,0.0,0.0,0.9285714285713622,countryside,rural regions,i82392
en,0.4396369612961914,2,0.0,0,0,countryside,0,1,1,11.0,0.862,8.32e-06,1.0,0.79999999999992,0.862,0.0,0.010940724770997704,0.0,0.0,0.0,countryside,rural regions,i82392
en,0.4936721076231591,2,0.004190561664608931,0,0,cave,5,1,1,4.0,0.197,1.58e-05,1.0,0.09999999999999,0.197,0.0,0.02754044511320112,0.024999999999999876,0.0,0.0,cave,a geological formation consisting of an underground enclosure with access from the surface of the ground or from the sea,i85180
it,0.44852570532710034,2,0.07437614567633268,0,0,cave,2,2,8,5.5,0.5035000000000001,4.73e-06,4.0,0.24999999999998215,0.5035000000000001,0.16129032258063475,0.0038743519120447143,0.02739726027397223,0.09090909090908264,0.09374999999999854,cave,a geological formation consisting of an underground enclosure with access from the surface of the ground or from the sea,i85180
es,0.436544456441012,2,1.4465056146703036e-06,0,0,cave,0,1,1,5.0,0.542,1.41e-05,1.0,0.24999999999997916,0.542,0.0,0.015915559449253283,0.0,0.0,0.0,cave,a geological formation consisting of an underground enclosure with access from the surface of the ground or from the sea,i85180
nb,0.4256904263911974,2,3.486598414725162e-08,0,0,cave,0,1,1,4.0,0.563,4.17e-06,1.0,0.12499999999998437,0.563,0.0,0.005943412919507889,0.0,0.0,0.0,cave,a geological formation consisting of an underground enclosure with access from the surface of the ground or from the sea,i85180
nb,0.6506361356948553,3,0.46671665743395524,0,1,lake,1,1,5,3.0,0.195,1.48e-05,5.0,0.0,0.195,0.44444444444439507,0.021305961085919766,0.19999999999996,0.0,0.33333333333330556,lake,a body of (usually fresh) water surrounded by land,i85647
it,0.5696204524217433,3,0.23897036553673215,1,0,lake,7,1,2,4.0,0.184,4.37e-05,2.0,0.14285714285713266,0.184,0.03225806451612695,0.04472486436128241,0.0958904109589028,0.0,0.0,lake,a body of (usually fresh) water surrounded by land,i85647
es,0.5285162537658243,3,0.3113495084814932,0,1,lake,6,1,1,4.0,0.185,3.02e-05,1.0,0.16666666666665278,0.185,0.0,0.036464116556949984,0.16216216216215776,0.0,0.0,lake,a body of (usually fresh) water surrounded by land,i85647
en,0.5071727187255524,3,0.10671298070873503,0,0,lake,51,1,3,4.0,0.193,6.76e-05,3.0,0.09999999999999,0.193,0.2857142857142449,0.14249572769690924,0.2549999999999987,0.0,0.09523809523809071,lake,a body of (usually fresh) water surrounded by land,i85647
nb,0.5660310789751398,3,0.2832355515160561,0,1,"mount, mountain",1,1,1,5.0,0.46,4.17e-05,1.0,0.24999999999996875,0.46,0.0,0.06018202370835434,0.19999999999996,0.0,0.0,mount,a land mass that projects well above its surroundings; higher than a hill,i85815
it,0.5471912794674492,3,0.28503693474199054,0,1,"mount, mountain",3,2,7,6.5,0.49350000000000005,5.39e-05,3.5,0.32142857142854847,0.49350000000000005,0.1290322580645078,0.05541706931335387,0.04109589041095835,0.09090909090908264,0.07812499999999879,mount,a land mass that projects well above its surroundings; higher than a hill,i85815
en,0.5422698833156546,3,0.29504087090776704,0,1,"mount, mountain",5,2,7,6.5,0.491,4.1599999999999995e-05,3.5,0.349999999999965,0.491,0.35714285714280614,0.08479616501010592,0.024999999999999876,0.09090909090908264,0.28571428571427215,mount,a land mass that projects well above its surroundings; higher than a hill,i85815
es,0.4617429561795124,2,0.43464108723409794,0,1,"mount, mountain",3,2,4,6.0,0.4685,3.285e-05,2.0,0.33333333333330556,0.4685,0.076923076923071,0.03984633247840316,0.08108108108107888,0.2499999999999375,0.21428571428569898,mount,a land mass that projects well above its surroundings; higher than a hill,i85815
en,0.6965180505486857,3,0.5037677886330114,1,1,river,200,1,1,5.0,0.197,0.000107,1.0,0.19999999999998,0.197,0.0,0.22993275730691115,0.999999999999995,0.0,0.0,river,a large natural stream of water (larger than a creek),i86078
nb,0.6764855948177271,3,0.4719606648208816,1,1,river,0,1,1,3.0,0.194,7.24e-06,1.0,0.0,0.194,0.0,0.01038019776154782,0.0,0.0,0.0,river,a large natural stream of water (larger than a creek),i86078
es,0.6642892715561677,3,0.8436093898607876,1,1,river,37,1,2,3.0,0.179,0.000126,2.0,0.08333333333332639,0.179,0.076923076923071,0.1587344128872198,0.9999999999999729,0.0,0.07142857142856633,river,a large natural stream of water (larger than a creek),i86078
it,0.6457092664096672,3,0.471125772721965,0,1,river,73,1,4,5.0,0.493,6.31e-05,4.0,0.21428571428569898,0.493,0.16129032258063475,0.06506101887796732,0.9999999999999863,0.0,0.031249999999999514,river,a large natural stream of water (larger than a creek),i86078
nb,0.6532581364022989,3,0.5309557479234454,0,1,sea,0,2,8,3.0,0.191,1.81e-05,4.0,0.0,0.191,0.3333333333332963,0.026075143489415458,0.0,0.33333333333322224,0.5833333333332847,sea,a division of an ocean or a large body of salt water partially enclosed by land,i86143
en,0.6087733190199239,3,0.2650537430203102,0,1,sea,40,1,3,3.0,0.184,0.000115,3.0,0.0,0.184,0.2857142857142449,0.24768646890285065,0.199999999999999,0.0,0.09523809523809071,sea,a division of an ocean or a large body of salt water partially enclosed by land,i86143
it,0.6067830497895341,3,0.37614722651452337,0,1,sea,23,2,10,4.5,0.1925,0.0001075,5.0,0.1785714285714158,0.1925,0.22580645161288865,0.11160355808110188,0.31506849315068064,0.09090909090908264,0.12499999999999806,sea,a division of an ocean or a large body of salt water partially enclosed by land,i86143
es,0.5014428352081263,3,0.47861583962392323,0,1,sea,5,2,5,4.5,0.184,7.379999999999999e-05,2.5,0.20833333333331597,0.184,0.11538461538460651,0.09211114077406651,0.13513513513513148,0.2499999999999375,0.2857142857142653,sea,a division of an ocean or a large body of salt water partially enclosed by land,i86143
it,0.5173239689727697,3,0.4550139734423348,1,0,"sea-coast, seashore, coast",0,6,28,5.75,0.27775000000000005,4.695e-05,5.5,0.2678571428571237,0.27775000000000005,0.2580645161290156,0.04813169437052087,0.0,0.45454545454541323,0.40624999999999367,sea-coast,the shore of a sea or ocean,i86148
nb,0.5046474924370573,3,0.4326306165765462,0,1,"sea-coast, seashore, coast",0,3,3,7.333333333333333,0.715,1.4316e-06,1.0,0.5416666666665989,0.715,0.0,0.001985858648679827,0.0,0.6666666666664445,0.16666666666665278,sea-coast,the shore of a sea or ocean,i86148
es,0.47228682342862777,2,0.47925248828414285,0,1,"sea-coast, seashore, coast",1,2,6,5.0,0.375,7.875e-05,3.0,0.24999999999997916,0.375,0.153846153846142,0.0984288648537621,0.027027027027026296,0.2499999999999375,0.3571428571428316,sea-coast,the shore of a sea or ocean,i86148
en,0.44662298735087036,2,0.12529905703978617,0,0,"sea-coast, seashore, coast",9,4,7,7.333333333333333,0.46166666666666667,3.9977333333333334e-05,2.0,0.43333333333329,0.46166666666666667,0.14285714285712245,0.08119512050806288,0.044999999999999776,0.27272727272724795,0.28571428571427215,sea-coast,the shore of a sea or ocean,i86148
nb,0.6236767581668783,3,0.2818653970457997,0,1,sun,0,1,2,3.0,0.187,3.09e-05,2.0,0.0,0.187,0.11111111111109877,0.04457379038782299,0.0,0.0,0.08333333333332639,sun,the star that is the source of light and heat for the planets in the solar system,i86272
it,0.594458023547341,3,0.39872567303784207,0,1,sun,0,2,12,4.0,0.188,0.000135,11.0,0.14285714285713266,0.188,0.6129032258064121,0.1404305812361965,0.0,0.09090909090908264,0.15624999999999759,sun,the star that is the source of light and heat for the planets in the solar system,i86272
en,0.5706387789481346,3,0.35853434848708426,0,1,sun,0,2,8,3.0,0.192,9.33e-05,6.0,0.0,0.192,0.7142857142856123,0.19952952619886483,0.0,0.09090909090908264,0.3333333333333175,sun,the star that is the source of light and heat for the planets in the solar system,i86272
es,0.5154500330410084,3,0.5065159872736431,0,1,sun,0,1,7,3.0,0.183,0.000123,7.0,0.08333333333332639,0.183,0.46153846153842604,0.1549054892025558,0.0,0.0,0.42857142857139796,sun,the star that is the source of light and heat for the planets in the solar system,i86272
nb,0.6093832904644195,3,0.2359803324104408,0,1,"valley, vale",0,1,1,3.0,0.191,8.91e-06,1.0,0.0,0.191,0.0,0.012793693099074424,0.0,0.0,0.0,valley,a long depression in the surface of the land that usually contains a river,i86379
es,0.5153506204878272,3,0.2896469635937543,0,1,"valley, vale",3,1,1,5.0,0.195,4.57e-05,1.0,0.24999999999997916,0.195,0.0,0.05624688892771388,0.08108108108107888,0.0,0.0,valley,a long depression in the surface of the land that usually contains a river,i86379
en,0.48732055507053923,2,0.03329361517299111,0,0,"valley, vale",12,2,2,5.0,0.19,2.8335000000000002e-05,1.0,0.19999999999998,0.19,0.0,0.05535829197008879,0.0599999999999997,0.09090909090908264,0.047619047619045354,valley,a long depression in the surface of the land that usually contains a river,i86379
it,0.4545880380657144,2,0.06608886902453312,0,0,"valley, vale",7,3,5,5.666666666666667,0.371,1.7729999999999998e-05,1.6666666666666667,0.2619047619047432,0.371,0.010752688172042321,0.017501671948998522,0.0958904109589028,0.18181818181816528,0.04687499999999927,valley,a long depression in the surface of the land that usually contains a river,i86379
nb,0.6337096468625645,3,0.40006015068482026,0,1,"waterfall, falls",0,2,4,4.0,0.196,0.0001055,2.0,0.12499999999998437,0.196,0.11111111111109877,0.1523862168426044,0.0,0.33333333333322224,0.24999999999997916,waterfall,a steep descent of the water of a river,i86414
en,0.46343462065067464,2,0.05662426491552121,0,0,"waterfall, falls",16,2,3,7.0,0.5245,2.3085e-05,1.5,0.39999999999996,0.5245,0.07142857142856122,0.0437074187352535,0.0799999999999996,0.09090909090908264,0.09523809523809071,waterfall,a steep descent of the water of a river,i86414
it,0.4255831583174201,2,0.10484084313718986,0,0,"waterfall, falls",1,3,12,8.333333333333334,0.3960000000000001,2.1462000000000003e-06,4.0,0.45238095238092013,0.3960000000000001,0.16129032258063475,0.001165869641930772,0.013698630136986115,0.18181818181816528,0.15624999999999759,waterfall,a steep descent of the water of a river,i86414
es,0.41730802648701965,2,0.10490903606214798,0,0,"waterfall, falls",9,1,2,7.0,0.766,3.63e-06,2.0,0.41666666666663194,0.766,0.076923076923071,0.002552615789775988,0.24324324324323665,0.0,0.07142857142856633,waterfall,a steep descent of the water of a river,i86414
nb,0.7333561355636485,3,0.884947744364936,1,1,nature,0,1,10,5.0,0.206,3.89e-05,10.0,0.24999999999996875,0.206,0.9999999999998889,0.05613544469932769,0.0,0.0,0.7499999999999375,nature,a causal agent creating and controlling things in the universe,i86562
it,0.5808066628740093,3,0.34064036502311473,0,1,nature,0,1,9,6.0,0.198,0.000123,9.0,0.2857142857142653,0.198,0.48387096774190425,0.12785151658670066,0.0,0.0,0.1093749999999983,nature,a causal agent creating and controlling things in the universe,i86562
en,0.47251270666279277,2,0.13030921867544787,0,0,nature,0,1,5,6.0,0.599,9.55e-05,5.0,0.29999999999997,0.599,0.5714285714284898,0.20441179688774816,0.0,0.0,0.19047619047618142,nature,a causal agent creating and controlling things in the universe,i86562
es,0.4586927957968049,2,0.42727374827631626,0,1,nature,0,1,5,10.0,0.197,8.32e-05,5.0,0.6666666666666111,0.197,0.307692307692284,0.10410843498601366,0.0,0.0,0.2857142857142653,nature,a causal agent creating and controlling things in the universe,i86562
nb,0.5048385060092297,3,0.23598488126265343,0,1,"fisher, fisherman",0,1,1,6.0,0.804,1.29e-05,1.0,0.37499999999995315,0.804,0.0,0.0185600681869374,0.0,0.0,0.0,fisher,someone whose occupation is catching fish,i89974
en,0.4543231585389877,2,0.04485918437617964,0,0,"fisher, fisherman",2,2,3,7.5,0.5185,6.795e-06,1.5,0.449999999999955,0.5185,0.07142857142856122,0.007556423498021741,0.00999999999999995,0.09090909090908264,0.09523809523809071,fisher,someone whose occupation is catching fish,i89974
it,0.41214704199282043,2,0.0029867875113821015,0,0,"fisher, fisherman",1,1,2,9.0,0.773,4.07e-06,2.0,0.4999999999999643,0.773,0.03225806451612695,0.0031825033563224444,0.013698630136986115,0.0,0.0,fisher,someone whose occupation is catching fish,i89974
es,0.39528840240995367,2,0.0,0,0,"fisher, fisherman",0,1,1,8.0,0.761,3.63e-06,1.0,0.4999999999999583,0.761,0.0,0.002552615789775988,0.0,0.0,0.0,fisher,someone whose occupation is catching fish,i89974
nb,0.648047693356938,3,0.5178495257989223,1,1,"guest, invitee",0,1,2,5.0,0.357,1.82e-05,2.0,0.24999999999996875,0.357,0.11111111111109877,0.026219664168309263,0.0,0.0,0.08333333333332639,guest,a visitor to whom hospitality is extended,i90350
en,0.5299836578095242,3,0.253276635612656,1,0,"guest, invitee",3,2,5,6.0,0.281,1.90645e-05,2.5,0.29999999999997,0.281,0.21428571428568366,0.03478506905131917,0.014999999999999925,0.09090909090908264,0.19047619047618142,guest,a visitor to whom hospitality is extended,i90350
it,0.5042957318225813,3,0.28646684006778905,1,0,"guest, invitee",0,2,8,7.0,0.763,2.4449999999999998e-05,4.0,0.3571428571428316,0.763,0.16129032258063475,0.024545948152716185,0.0,0.09090909090908264,0.09374999999999854,guest,a visitor to whom hospitality is extended,i90350
es,0.37844021421515367,2,0.181674491037847,0,0,"guest, invitee",1,2,5,7.5,0.7435,1.3585e-05,2.5,0.4583333333332951,0.7435,0.11538461538460651,0.015258260883385966,0.027027027027026296,0.2499999999999375,0.2857142857142653,guest,a visitor to whom hospitality is extended,i90350
it,0.6937186858887914,3,0.5703869036719216,1,1,"male monarch, rex, king",4,1,9,2.0,0.176,0.000182,9.0,0.0,0.176,0.48387096774190425,0.18969858444672183,0.05479452054794446,0.0,0.1093749999999983,male monarch,a male sovereign; ruler of a kingdom,i90847
nb,0.664291646261999,3,0.5637802343947311,1,1,"male monarch, rex, king",0,1,3,5.0,0.334,4.37e-05,3.0,0.24999999999996875,0.334,0.22222222222219754,0.06307243728623052,0.0,0.0,0.16666666666665278,male monarch,a male sovereign; ruler of a kingdom,i90847
es,0.565118351696561,3,0.8050263622733175,1,1,"male monarch, rex, king",9,2,6,5.0,0.188,9.097e-05,3.0,0.24999999999997916,0.188,0.153846153846142,0.11402534732929338,0.24324324324323665,0.2499999999999375,0.3571428571428316,male monarch,a male sovereign; ruler of a kingdom,i90847
en,0.5196091531146504,3,0.42442238164268226,1,0,"male monarch, rex, king",79,3,12,6.333333333333333,0.5086666666666667,5.345666666666666e-05,4.0,0.33333333333329995,0.5086666666666667,0.4285714285713673,0.11110864507125455,0.394999999999998,0.18181818181816528,0.5238095238094989,male monarch,a male sovereign; ruler of a kingdom,i90847
nb,0.5204047630828621,3,0.23598579312465345,0,1,prince,0,1,1,5.0,0.786,1.58e-05,1.0,0.24999999999996875,0.786,0.0,0.022751167874857856,0.0,0.0,0.0,prince,a male member of a royal family other than the sovereign (especially the son of a sovereign),i92240
en,0.4799246502087542,2,0.012199901174460336,0,0,prince,14,1,1,6.0,0.715,5.25e-05,1.0,0.29999999999997,0.715,0.0,0.10898559705957347,0.06999999999999965,0.0,0.0,prince,a male member of a royal family other than the sovereign (especially the son of a sovereign),i92240
it,0.4329422130412022,2,0.03301196961989709,0,0,prince,11,1,2,8.0,0.855,5.62e-05,2.0,0.42857142857139796,0.855,0.03225806451612695,0.05782805670450723,0.15068493150684725,0.0,0.0,prince,a male member of a royal family other than the sovereign (especially the son of a sovereign),i92240
es,0.397535555329653,2,0.007387676807780284,0,0,prince,1,1,1,8.0,0.821,4.17e-05,1.0,0.4999999999999583,0.821,0.0,0.0511416573481619,0.027027027027026296,0.0,0.0,prince,a male member of a royal family other than the sovereign (especially the son of a sovereign),i92240
it,0.4969986516157991,2,0.06555804197534529,0,0,saint,4,3,6,3.3333333333333335,0.19633333333333333,0.0001935333333333333,2.0,0.09523809523808845,0.19633333333333333,0.03225806451612695,0.20178846324873723,0.05479452054794446,0.18181818181816528,0.06249999999999903,saint,a person who has died and has been declared a saint by canonization,i92688
en,0.4898419295840754,2,0.1015980783698461,0,0,saint,45,1,3,5.0,0.206,2.57e-05,3.0,0.19999999999998,0.206,0.2857142857142449,0.04951066321317622,0.22499999999999887,0.0,0.09523809523809071,saint,a person who has died and has been declared a saint by canonization,i92688
es,0.4889734849765536,2,0.1737216185170143,0,0,saint,13,1,3,5.0,0.201,7.41e-05,3.0,0.24999999999997916,0.201,0.153846153846142,0.09249403314253292,0.3513513513513418,0.0,0.14285714285713266,saint,a person who has died and has been declared a saint by canonization,i92688
nb,0.3889127032756044,2,0.00016652796713521385,0,0,saint,0,1,1,6.0,0.75,4.37e-05,1.0,0.37499999999995315,0.75,0.0,0.06307243728623052,0.0,0.0,0.0,saint,a person who has died and has been declared a saint by canonization,i92688
en,0.48516440410532663,2,0.06722033123353295,0,0,fog,4,1,3,3.0,0.199,7.94e-06,3.0,0.0,0.199,0.2857142857142449,0.01009742347019058,0.0199999999999999,0.0,0.09523809523809071,fog,droplets of water vapor suspended in the air near the ground,i97801
it,0.43833775360681504,2,0.07437617957412138,0,0,fog,2,2,8,7.0,0.48750000000000004,5.8830499999999995e-06,4.0,0.3571428571428316,0.48750000000000004,0.16129032258063475,0.005083042786553144,0.02739726027397223,0.09090909090908264,0.09374999999999854,fog,droplets of water vapor suspended in the air near the ground,i97801
nb,0.43598507724139035,2,0.09308129143734478,0,0,fog,1,1,2,4.0,0.598,6.76e-06,2.0,0.12499999999998437,0.598,0.11111111111109877,0.009686498502857537,0.19999999999996,0.0,0.08333333333332639,fog,droplets of water vapor suspended in the air near the ground,i97801
es,0.4179051303638165,2,3.277188251832338e-07,0,0,fog,0,1,1,6.0,0.676,8.13e-06,1.0,0.33333333333330556,0.676,0.0,0.00829600131677196,0.0,0.0,0.0,fog,droplets of water vapor suspended in the air near the ground,i97801
nb,0.5327455112163147,3,0.3343077792108845,0,1,"violent storm, storm",0,2,2,4.5,0.771,1.3145e-05,1.0,0.18749999999997657,0.771,0.0,0.01891414385022723,0.0,0.33333333333322224,0.08333333333332639,violent storm,a violent weather condition with winds 64-72 knots (11 on the Beaufort scale) and precipitation and thunder and lightning,i97824
en,0.4429514052354384,2,0.07004809304042944,0,0,"violent storm, storm",8,2,4,9.0,0.8035,3.17e-05,2.0,0.59999999999994,0.8035,0.14285714285712245,0.06282594691013083,0.0399999999999998,0.09090909090908264,0.14285714285713608,violent storm,a violent weather condition with winds 64-72 knots (11 on the Beaufort scale) and precipitation and thunder and lightning,i97824
it,0.3975534155187958,2,0.25997669383950917,0,0,"violent storm, storm",5,7,28,7.666666666666667,0.743,1.4113333333333334e-05,4.666666666666667,0.40476190476187585,0.743,0.20430107526880403,0.013710481631025478,0.06849315068493057,0.5454545454544959,0.40624999999999367,violent storm,a violent weather condition with winds 64-72 knots (11 on the Beaufort scale) and precipitation and thunder and lightning,i97824
es,0.3426819163426641,2,0.17397126489900247,0,0,"violent storm, storm",4,2,4,12.5,0.8425,1.8e-05,2.0,0.8749999999999271,0.8425,0.076923076923071,0.02089316023931646,0.10810810810810519,0.2499999999999375,0.21428571428569898,violent storm,a violent weather condition with winds 64-72 knots (11 on the Beaufort scale) and precipitation and thunder and lightning,i97824
it,0.6398633869670425,3,0.5990866720992898,1,1,"rainfall, rain",7,2,15,6.0,0.5375,0.00011525,7.5,0.2857142857142653,0.5375,0.3870967741935234,0.11972753733390126,0.0958904109589028,0.09090909090908264,0.20312499999999684,rainfall,water falling in drops from vapor condensed in the atmosphere,i98034
nb,0.6245304045069673,3,0.6174840709941639,1,1,"rainfall, rain",1,2,2,5.5,0.506,1.256e-05,1.0,0.3124999999999609,0.506,0.0,0.01806869787869845,0.19999999999996,0.33333333333322224,0.08333333333332639,rainfall,water falling in drops from vapor condensed in the atmosphere,i98034
en,0.6161328007660367,3,0.40268782811926296,1,1,"rainfall, rain",5,2,4,6.0,0.48050000000000004,2.8955e-05,2.0,0.29999999999997,0.48050000000000004,0.14285714285712245,0.0567342046187741,0.024999999999999876,0.09090909090908264,0.14285714285713608,rainfall,water falling in drops from vapor condensed in the atmosphere,i98034
es,0.561170092577598,3,0.6370336722756147,1,1,"rainfall, rain",3,1,3,6.0,0.186,4.07e-05,3.0,0.33333333333330556,0.186,0.153846153846142,0.049865349453273915,0.08108108108107888,0.0,0.14285714285713266,rainfall,water falling in drops from vapor condensed in the atmosphere,i98034
nb,0.5838139036093347,3,0.2359803324104408,0,1,"snowfall, snow",0,1,1,3.0,0.486,3.8e-05,1.0,0.0,0.486,0.0,0.054834758589283425,0.0,0.0,0.0,snowfall,precipitation falling from clouds in the form of ice crystals,i98073
en,0.5561641007558733,3,0.25244140963952694,0,1,"snowfall, snow",2,2,5,6.0,0.196,2.368e-05,2.5,0.29999999999997,0.196,0.21428571428568366,0.0450278510352015,0.00999999999999995,0.09090909090908264,0.19047619047618142,snowfall,precipitation falling from clouds in the form of ice crystals,i98073
it,0.45995857003421925,2,0.043052944868227326,0,0,"snowfall, snow",2,2,5,6.0,0.1995,1.503e-05,2.5,0.2857142857142653,0.1995,0.0645161290322539,0.014671382402861964,0.02739726027397223,0.09090909090908264,0.04687499999999927,snowfall,precipitation falling from clouds in the form of ice crystals,i98073
es,0.4522377883960219,2,0.11923453944647996,0,0,"snowfall, snow",0,1,4,5.0,0.208,2.45e-05,4.0,0.24999999999997916,0.208,0.23076923076921302,0.029189161556088417,0.0,0.0,0.21428571428569898,snowfall,precipitation falling from clouds in the form of ice crystals,i98073
it,0.747200904537992,3,0.9819184045133715,1,1,"weather condition, conditions, weather",13,1,17,5.0,0.524,0.000955,17.0,0.21428571428569898,0.524,0.9999999999999355,0.9999999989517446,0.1780821917808195,0.0,0.23437499999999636,weather condition,the atmospheric conditions that comprise the state of the atmosphere in terms of temperature and wind and clouds and precipitation,i98170
nb,0.717782153849238,3,0.5663527977850391,1,1,"weather condition, conditions, weather",2,1,1,3.0,0.186,0.000191,1.0,0.0,0.186,0.0,0.2759513972968109,0.39999999999992,0.0,0.0,weather condition,the atmospheric conditions that comprise the state of the atmosphere in terms of temperature and wind and clouds and precipitation,i98170
en,0.5239432184536031,3,0.2811768168526346,0,1,"weather condition, conditions, weather",11,4,6,11.333333333333334,0.632,6.873333333333333e-05,1.6666666666666667,0.8333333333332501,0.632,0.09523809523808165,0.1450108368396673,0.05499999999999973,0.27272727272724795,0.23809523809522679,weather condition,the atmospheric conditions that comprise the state of the atmosphere in terms of temperature and wind and clouds and precipitation,i98170
es,0.4044434339744682,2,0.8794940007434794,1,0,"weather condition, conditions, weather",6,4,9,12.666666666666666,0.8109999999999999,0.00035673,2.6666666666666665,0.8888888888888148,0.8109999999999999,0.12820512820511834,0.4532169334747265,0.16216216216215776,0.7499999999998125,0.5714285714285307,weather condition,the atmospheric conditions that comprise the state of the atmosphere in terms of temperature and wind and clouds and precipitation,i98170
